	PC1	PC2	PC3
m0.000	-7.669237480902789e-22	-1.4121101306455597e-16	-8.453750187375043e-17
m1.000	-0.051647217031384376	-0.07130779438294357	0.023721286063750208
m2.000	-0.00336833532077343	-0.018601029399976314	0.0013233766901279928
m3.000	0.001496464927133559	-0.0059376081206601195	-0.0008247765092691069
m4.000	-0.0005988011343280663	-0.0008753016624130703	-0.00041867641171463335
m5.000	-4.437330516259215e-31	-3.561221584397777e-25	-1.4883461328461845e-24
m6.000	0.0004878733014527792	0.005898714555205754	0.004097762220080807
m7.000	-0.0022833586185902754	0.013823642648937108	0.015398984963064025
m8.000	-3.80019523129352e-32	1.0668619602107594e-26	-1.0980183069169185e-25
m9.000	5.1791667877086446e-05	0.000647424361229081	-0.0008106110520473474
m10.000	0.0009695153851090549	-0.0005281997310246234	0.0011309033184768427
m11.000	0.003370290209159514	-0.008948507396379864	0.0033392589809434193
m12.000	-0.029899194824668036	-0.02641507387839127	0.006866620747891008
m13.000	-0.017539451175260085	-0.02807545328584139	0.00841170082346828
m14.000	-0.01552652606688548	-0.04302479307875518	0.015025080989311542
m15.000	0.010874630861896039	-0.04161057346897015	0.010738406314930539
m16.000	-0.004722411125308316	-0.007299528502400254	-0.00011324476897500774
m17.000	-0.005629985818911934	-0.0030220357875614706	0.0032728854509824793
m18.000	0.013810953042806162	0.05264776959179971	0.0166433956240618
m19.000	0.036359983058618435	0.0011753109894369008	-0.005434240198419565
m20.000	0.001963419934396002	0.0028733348928414388	0.0028309721654948485
m21.000	-0.00014482928599343365	-0.001259452747798053	-0.0018934701684144306
m22.000	0.0011137060544646796	-0.0009934267621975875	2.8250789141893408e-05
m23.000	0.0182069847964873	0.47517456629580973	0.8304016786223177
m24.000	-0.0070008117792154404	0.041142383696312866	0.14633699225667968
m25.000	-0.026450536023692153	-0.011213585314780838	0.027810210611668662
m26.000	-0.0337517990908213	-0.06185122845948142	0.02001764640418393
m27.000	0.24488413315933202	-0.31983687238970115	0.1052801911072082
m28.000	-0.0983267937010825	-0.2247745362626312	0.11528658004432657
m29.000	0.18322523630977294	-0.1416427328737204	0.045139734938933064
m30.000	0.007374948727398969	-0.008609515178067396	0.025961367247881485
m31.000	0.06654464428470495	0.11720822057407165	-0.07963122210101256
m32.000	0.007646969213875877	0.010907610709987433	-0.00456379916994525
m33.000	0.005322452859662941	0.006584245178478541	0.00021651944915262685
m34.000	0.0011165060133957088	0.0014377852614928842	0.005518610416054201
m35.000	0.004614533025022542	-0.0006300720374382872	0.0003810164205672405
m36.000	-0.01768949593563399	-0.009262791317768427	0.00562584338456449
m37.000	-0.06364580839140448	-0.039468397992188535	0.007010393761805361
m38.000	-0.046189363551558844	-0.030912889788330514	-0.005880604620741331
m39.000	0.01634311903088526	0.016324383188457386	0.02219317053431781
m40.000	0.034204295504730385	0.017538821621317775	0.023855350963630822
m41.000	0.2995894100314505	-0.03396065121509771	-0.0064451855574893975
m42.000	0.09411848613320892	-0.04162738790345399	0.031154275493031985
m43.000	0.2683550265881212	-0.028269565792499396	-0.006256202468852747
m44.000	0.04390113429556421	-0.012090171620989375	0.012797003455218434
m45.000	-0.20098608426050898	-0.16785941417546546	0.07145599000692604
m46.000	-0.03991472591814082	0.009105403335087005	0.018301494691220714
m47.000	-0.041164088896980054	-0.028341625802231648	0.013770039332729373
m48.000	0.0001589558917897256	-0.005607097614380322	0.005327860772079835
m49.000	-0.03648122945820163	-0.02500077715715207	0.010656345048985999
m50.000	-0.10431416783419845	-0.02592364377419286	-0.017643196790490465
m51.000	-0.09298479459943393	0.051920790725156624	-0.073027725680936
m52.000	-0.017526896320987116	0.02563432801567881	-0.02117179797672836
m53.000	0.010867816088131355	0.06123079749878506	-0.06650580591516324
m54.000	0.032217290841275115	-0.015156707966180552	0.009329054861554819
m55.000	0.2252225150403106	0.06563924059972677	-0.05634347365653268
m56.000	0.06887711721150959	-0.009544079351406517	0.02452380210365531
m57.000	0.1933648480521793	-0.017071202305415235	0.05952280782255893
m58.000	0.05573601265934361	0.039367809052099606	0.000823817120802924
m59.000	0.051731244199571244	0.009180223993215096	0.009524024311955608
m60.000	0.003872629504937563	-0.004374385552381839	0.010862320946043424
m61.000	0.02685893383956946	-0.018433595251807797	-0.010050160507422619
m62.000	-0.12145547971696623	-0.01062749043664655	-0.01893678728493498
m63.000	-0.1409510775584064	0.050322829680398695	-0.07411583213542962
m64.000	-0.042613091295917074	0.034689788484067806	-0.040138842987206526
m65.000	0.01725367345630331	0.13396433014591974	-0.09792250555810082
m66.000	-0.004034925422039756	0.052960218417658744	-0.03834116568770291
m67.000	0.06954791642385245	0.05971580311516365	-0.040497056044989606
m68.000	0.03355782698566023	0.03155531968273275	-0.016050111171910127
m69.000	0.10158691478290448	0.06999118914482556	-0.05644395385868056
m70.000	0.036108297412901655	0.009507156917014323	0.0028283026521434516
m71.000	0.046738090173521755	0.026613139901403394	-0.013901135901005732
m72.000	-0.035002702059340904	-0.005047778424914434	0.01169858132415862
m73.000	0.024054928378513855	-0.02903183003867987	0.045405106764364496
m74.000	-0.135413560111438	-0.009484121971632387	-0.01117758866360166
m75.000	-0.11249105791429409	0.034728105086224544	-0.017042275911239104
m76.000	-0.05516244977566407	0.026042929014417474	-0.025716453232470196
m77.000	0.01892604350821033	0.12604295977317262	-0.09689317634129055
m78.000	0.010625885963919657	0.08471261442628457	-0.061388776834332415
m79.000	0.04959919387616858	0.10486758559971521	-0.07151423426310666
m80.000	0.021827688370798674	0.05341960939110386	-0.02874316154911714
m81.000	0.06962319672932356	0.09484732859135994	-0.044489711147961464
m82.000	0.030505997099232688	0.058558758977985174	-0.019707060963878392
m83.000	0.06545290537212511	0.11873234180065663	-0.0033762637780220066
m84.000	0.007908838436502622	0.0354936503069426	0.0001328897695529255
m85.000	-0.026242419788415756	0.024778121357487762	-0.0032038096334695834
m86.000	-0.11826964822858191	-0.007561953854224147	-0.016056601052169397
m87.000	-0.07135217511293651	-0.0025744586693106962	-0.02942409333212041
m88.000	-0.05801048612252336	0.0031142673236209287	-0.011384346449516672
m89.000	-0.058185853217667484	0.05290296558257126	-0.04849866051873949
m90.000	-0.029348063519679488	0.03180112261158502	-0.02121650163954243
m91.000	0.05275026327842524	0.1921775858069094	-0.12465874302816199
m92.000	0.01678134389255641	0.06488611889401967	-0.04505324116451415
m93.000	0.025987902570101834	0.07780603883393515	-0.048136956865236745
m94.000	0.02003488141432766	0.060785040580671884	-0.028904768622686434
m95.000	0.04905089193770529	0.09331143906181286	-0.06029282419332359
m96.000	0.013369317352199558	0.040578475083796015	-0.01274928970038902
m97.000	-0.002989044691455831	0.03908755895502494	-0.006711516455536908
m98.000	-0.12150429086192652	0.005246019890305464	-0.0057364117432466945
m99.000	-0.07581921243128692	0.02620655619303273	-0.01992573084527004
m100.000	-0.03534293164584982	0.024397493327653685	-0.003999268204827029
m101.000	-0.04011731510114059	0.08870892921683123	-0.05609543870286734
m102.000	-0.02315544101037256	0.06700704525965008	-0.04956223180522492
m103.000	0.03275547506626012	0.07476428928457887	-0.051577920205336136
m104.000	0.03688834604053371	0.027231533113864233	-0.021473158630019043
m105.000	0.031076302625307008	0.004286169586999516	-0.01368858192210683
m106.000	0.008864144538371466	0.01622399098927897	-0.012213776857672986
m107.000	0.02152959467761	0.06523214298869628	-0.032960217054681704
m108.000	0.007339764062890631	0.03883039193846914	-0.013304379128925186
m109.000	-0.02651882705166505	0.035371071558646064	-0.02169881507271336
m110.000	-0.09698087488135768	0.0004487377163517807	-0.011584252382268246
m111.000	-0.07235485082363961	0.022514285956631748	-0.017524462033694815
m112.000	-0.023068944480402583	0.019008167614963916	-0.011734309764104531
m113.000	-0.0310564476881662	0.041645368883066275	-0.024227616994251015
m114.000	-0.02828964877667884	0.033909140149829896	-0.022739578821702296
m115.000	-0.0015306505640018256	0.17914990933815203	-0.12354390568635852
m116.000	0.00479399476684114	0.09444304561684327	-0.059388732012280156
m117.000	0.027457721799306327	0.08506502729195466	-0.02705682794424729
m118.000	0.01987624147037576	0.025228020502369934	-0.011634734595474537
m119.000	0.0323954723349963	0.049264064767456775	-0.021570631872126197
m120.000	0.0032540724722649903	0.016905599401196188	-0.0032492769262745524
m121.000	0.06605306501681756	0.014282427493123607	-0.023471008662804608
m122.000	-0.09116138102855494	-0.011639788077493506	-0.0007726934131230942
m123.000	-0.0459390669677249	0.011564142935925642	-0.011396041700505339
m124.000	-0.02196930436495511	0.013981928892271381	-0.0033044061184671755
m125.000	-0.030510199473124736	0.024129455161887074	-0.008965582122963969
m126.000	-0.04838069783968165	0.04952064544829478	-0.03949016750341546
m127.000	-0.016328964234340937	0.10774624699995224	-0.07146096184972221
m128.000	0.0067657380989390534	0.17240211635979807	-0.11540586062555151
m129.000	0.02828935497647166	0.11741786317911897	-0.07746467617497113
m130.000	0.017812830368485303	0.050247022622005554	-0.028515319980894346
m131.000	0.031153644560665078	0.07509722292588084	-0.039750305977287965
m132.000	-0.009182186853555591	0.0336183436345515	-0.014632293747598378
m133.000	-0.016646058189746796	0.01566030704171919	-0.0017065778826653173
m134.000	-0.06375198069974826	-0.010366487080250482	0.002442936548479069
m135.000	-0.029363390367143614	0.006065290509416316	0.0032211049519216806
m136.000	-0.0047954262833722	0.01234843427743736	-0.005782510631361229
m137.000	-0.027575097768287093	0.02276363219236487	-0.013051600246080855
m138.000	-0.02895996830122014	0.022678259374291423	-0.011395446905585204
m139.000	-0.04635298069292488	0.06682229136606538	-0.04819239650204126
m140.000	-0.0221814118535032	0.041280593424518154	-0.025761467967260487
m141.000	0.011815205642884867	0.11131211212426738	-0.06788989147097906
m142.000	0.011827088398109068	0.06941991025253186	-0.03618410363544471
m143.000	0.017908827299224873	0.05823688537588391	-0.02409971657100145
m144.000	0.006406681412835111	0.04462162918553099	-0.024919012607305988
m145.000	0.01959590062961585	0.036349183795315966	-0.01759188067528275
m146.000	-0.00832170867499773	-0.029101585111595232	0.006981198501641274
m147.000	0.021060946264546673	0.02381177639917384	-0.02268160313886356
m148.000	-0.008520278919090173	0.009104183114665541	0.0016492701576852635
m149.000	-0.02188165584209926	0.030172853855314128	-0.019310281079029788
m150.000	-0.07177840904859836	0.02289498302121259	-0.02481208515524833
m151.000	-0.054525039866273155	0.05233435854883571	-0.03755069720120133
m152.000	-0.038851962579140274	0.11018015932334373	-0.0762875483716959
m153.000	-0.0022735532981384104	0.10332572149954293	-0.06431763470737464
m154.000	0.004815365554082448	0.06101046846468015	-0.03838876252756432
m155.000	0.023065631110698186	0.10259556951593078	-0.04582565017914996
m156.000	0.004089034247711936	0.039034981637069685	-0.017529418588807074
m157.000	0.0013034717020512922	0.045914124036945704	-0.023832559678250386
m158.000	-0.03786065835164699	0.013367338990414254	-0.009762251132021562
m159.000	-0.010558943708010313	0.043317698568685004	0.010634946191075911
m160.000	0.002411943173178576	0.01907411887503491	-0.006392649812612145
m161.000	-0.02118869756089022	0.010055279352569182	-0.006573867714526463
m162.000	-0.04022755733120819	0.00284711557709192	-0.003888586342923114
m163.000	0.01921552197668172	-0.0022890253030296835	-0.025361204656867857
m164.000	-0.033354195401767824	0.02447002195471677	-0.021296686840432524
m165.000	-0.02378665130575948	0.09426524063261951	-0.06878033980439517
m166.000	-0.007682272798794525	0.058419883852361826	-0.033374288447443265
m167.000	0.004599487394317943	0.05317144542775292	-0.020002424167840312
m168.000	-0.004973964820775812	0.034352290964680746	-0.012547382396551749
m169.000	0.002924112921047767	0.04599982269397329	-0.022186990576957253
m170.000	-0.033849916362894666	0.011017706262417503	-0.006794327440426286
m171.000	0.007751330187730974	0.043328327232306334	-0.028651068623934465
m172.000	0.008686347382804396	0.016933522310367488	-0.006421633979881293
m173.000	-0.001090626707175459	0.031006785509324626	-0.01944645978376372
m174.000	-0.062122448113482116	0.005812598431304669	-0.00895328658711388
m175.000	-0.03054584588887806	0.013250050057144731	-0.005637938349007802
m176.000	-0.05454193488859868	0.03538074889423743	-0.028673136356391737
m177.000	-0.02121423827482299	0.0323823582624402	-0.01258718275322864
m178.000	-0.009577620094585465	0.075092844427173	-0.04965600111307464
m179.000	0.006216724433410193	0.052742925026359674	-0.030454836114562314
m180.000	-0.00207741235736431	0.02204692439445792	-0.010064409597882608
m181.000	0.02846192053930152	0.011828486426069687	-0.013424344791324754
m182.000	-0.020050668230966007	0.011723050369143256	-0.0023990921555809464
m183.000	0.006861324088693994	0.05605567738290576	-0.02278043614708392
m184.000	0.0035978931098956195	0.03152836400082504	-0.015310659348925327
m185.000	-0.03108522096500182	0.02381050789715225	-0.004142541433719203
m186.000	-0.04726912525565955	0.009818111830519696	-0.005956566010739027
m187.000	-0.07672200079808825	0.015406470584938504	-0.011709152108582694
m188.000	-0.019867337146623566	-0.020387603892774196	0.005436215068715348
m189.000	-0.03246394561669162	0.04276112020846331	-0.041330613895563445
m190.000	-0.016355401971393194	0.03797094908821621	-0.0247226523911769
m191.000	0.004423436378746334	0.03555277787857124	-0.022762931904282885
m192.000	-0.0035228356593918313	0.025595194337735133	-0.011520073304818284
m193.000	0.00637845306584056	0.017734864171133423	-0.0033050368169763975
m194.000	-0.013955949409460015	0.014064895778095806	-0.005613279635961165
m195.000	0.005038979484959	0.034861907352017475	-0.00986057116192794
m196.000	0.0028167580880373703	0.015042614300900214	-0.006217625636885996
m197.000	-0.007523626428311369	0.02002117943314154	-0.015050633858346473
m198.000	-0.05534007644347575	-0.004625037368749438	0.001390296953779801
m199.000	-0.03453707843908617	-0.00044657821429311704	-0.003075152821603933
m200.000	-0.07563797795983056	0.00654400853693549	-0.007797594734619754
m201.000	-0.04530322344869154	0.024124560112382506	-0.007073248525381041
m202.000	-0.04351170674229278	0.05785061360854953	-0.03353786390146139
m203.000	-0.012008184129175066	0.052183790234126046	-0.026053209701966572
m204.000	-0.003462250933683202	0.026661432460081395	-0.01049615974245733
m205.000	0.0812421748593883	-0.01019097734737054	-0.006313964358956789
m206.000	0.012081938805875093	0.005545409028738656	-0.010515395435105384
m207.000	0.026812187201345566	0.01880265223438498	-0.01989681714732643
m208.000	-0.0005066261866410192	0.012440087158538766	-0.0077421378048236345
m209.000	-0.02425207174155307	0.007500750412572663	2.9523964298143087e-05
m210.000	-0.03711418982226954	0.003493971000488985	-0.001786767640662056
m211.000	-0.07156282492381132	0.001249639019438787	-0.002931165019732195
m212.000	-0.043085675222039224	0.005001668878870454	-0.0010463909624267161
m213.000	-0.05718824842792195	0.0234691153874703	-0.02052349041835896
m214.000	-0.02940948857990486	0.031665704527589954	-0.02397663310209131
m215.000	-0.021716498097524174	0.04534613519601614	-0.030657709523430967
m216.000	-0.011665569861208579	0.026864858836130944	-0.016715309152496877
m217.000	0.003863442304498069	0.027404239648349194	-0.006588852662019071
m218.000	-0.006345770465673101	0.01928877139841231	-0.004576834539565661
m219.000	0.00591296387976061	0.033893463191471775	0.004383907515447534
m220.000	0.0002437115426437493	0.008097525651610966	-0.003283543430690863
m221.000	-0.009842752916186755	0.008361345190956177	0.0030166615413278015
m222.000	-0.05388737874236003	-0.014394287182663544	0.005086462527418577
m223.000	0.005721935715221927	-0.008770576148511833	-0.012114709763987845
m224.000	-0.07681840191600138	-0.015101829855043018	0.002403974635773127
m225.000	-0.04248877352587537	-0.004339473851794791	-0.0020652614161085596
m226.000	-0.06116975107432073	0.016988369879458995	-0.013264103012047045
m227.000	-0.027498528212596202	0.031081602392173117	-0.011229121932369952
m228.000	-0.019048408762740884	0.02924518502540528	-0.012267377440760983
m229.000	-0.004643262278593194	0.034091528945336805	-0.01349494401400578
m230.000	-0.00523185849608677	0.016149225885997612	-0.006522112098514709
m231.000	0.024917962112978583	0.0182308178951535	-0.018680409580320016
m232.000	0.01622171591695506	0.016310359490735803	-0.01903180683238959
m233.000	-0.015163082450730336	0.009345379000674156	-0.012494327170974427
m234.000	-0.03130826583529808	-0.0028163676400634295	0.001246121993855746
m235.000	-0.05626941677797227	-0.015985944603139752	0.00779169591593345
m236.000	-0.048788577903273185	-0.009346378787563928	0.00613746736458557
m237.000	-0.06853063185267079	-0.004067675172934585	0.007907127958849548
m238.000	-0.04107911644897274	-0.003885736301954929	0.0022699625436647104
m239.000	-0.04437799840139459	0.018717129642465708	-0.009225696114570315
m240.000	-0.023106143380564086	0.011453461518018376	-0.011656625975405182
m241.000	0.008003802775618584	0.009039895456548321	-0.004908032559109092
m242.000	-0.0013042409259457093	0.028421920407297983	-0.03763867550428255
m243.000	0.004412765091996001	0.020110547882824334	-0.009502599029377239
m244.000	-0.006312583812370885	0.020198064901691116	0.005137008336168195
m245.000	-0.009326142722245625	0.02177019682183911	0.0008058774536342465
m246.000	-0.04216042211887576	-0.0062075709717166055	0.0035954438807115556
m247.000	0.03491578439122162	-0.04681176040348947	0.015219491367986721
m248.000	-0.025983749067409204	-0.02834875319132277	-0.003012940676824095
m249.000	-0.007184235267440188	0.004241478849075879	-0.025654044201423757
m250.000	-0.06346326398268376	-0.009881345576901958	0.0028781869514100385
m251.000	-0.026653605316004414	0.0012512445804540749	-0.000501957233464068
m252.000	-0.033224400271100275	0.010199250429595179	-0.0023790318284600915
m253.000	-0.013229499785094422	0.01854215856011878	-0.008961539311137436
m254.000	-0.008904711191767887	0.010484075634850787	-0.004373577818888823
m255.000	0.006237929144094966	0.020979417733154898	-0.017957400580164058
m256.000	0.0046629832374742	0.018653527105495	-0.016093116815770594
m257.000	-0.019461088084787432	0.010392811441794395	-0.00957936261496711
m258.000	-0.026367598004395185	-0.004568886729249177	0.0035957829722533165
m259.000	-0.05592657315205246	-0.015924012122117477	0.007657845729029855
m260.000	-0.046524698483061525	-0.00816637304144782	0.0021263632179078862
m261.000	-0.0689945416607687	0.0006994015274935019	0.02354573836499011
m262.000	-0.04125776627884903	-0.009540627504368245	0.004652751176634566
m263.000	-0.049035924916513554	0.003068528841824026	0.0004774936746747102
m264.000	-0.025409976696032816	0.0010962890888388328	-0.0003294686845160505
m265.000	0.05289489579340352	0.01234500325067791	-0.026588778185163316
m266.000	-0.0022132874119393724	0.0005568901529189643	0.00039539571820343725
m267.000	0.011021069815732457	0.008144873730223294	-0.005866840454345014
m268.000	-0.008682048753979906	0.007753349398293714	-0.0007776173682702462
m269.000	-0.008800875666240245	0.013687179861897915	-0.0033180278358029437
m270.000	-0.036681261150822264	-0.0047193762720298335	6.442552500521493e-05
m271.000	-0.026887374810310293	0.004568457803110758	0.0012412283051936555
m272.000	-0.060054796414770954	-0.014926051166667946	0.006477852652418582
m273.000	-0.029426221188769145	0.010656231677151325	-0.012564335313439109
m274.000	-0.056748439212040286	-0.01608217234345217	0.002012252554869285
m275.000	-0.027454176679979004	0.0015116894364677461	-0.01102508446413537
m276.000	-0.04594592467856865	-0.0010291537389822687	0.0013527332447062558
m277.000	-0.017748094156090955	0.007588729507986887	0.002598786021933614
m278.000	-0.013809261371559719	0.004371210402636372	0.0024529995967803577
m279.000	-0.001648465799290577	0.01876327876201136	0.002112816153641364
m280.000	-0.0069692169709750125	0.004299457133158347	5.849812029636921e-05
m281.000	-0.017438673076856842	-0.0002554862545774737	0.005718820484698154
m282.000	-0.01993513840076011	-0.004649331770689142	0.001923152262256025
m283.000	-0.020002505026832356	-0.020786488767272515	0.003139264052586111
m284.000	-0.037448993752231916	-0.00956467636068244	0.0024258324475120367
m285.000	-0.05693633975567941	-0.02466056301449566	0.012365863873409728
m286.000	-0.04188000636983719	-0.0073986183507642675	0.00398217767159179
m287.000	-0.05926636140217069	-0.0015869127830682786	0.006985943941535954
m288.000	-0.03144013496653158	0.0002886646836234845	0.0010933454584075894
m289.000	-0.02714647654947096	0.01026444383597002	-0.0034913805250490013
m290.000	0.027011877519243856	-0.024346231553216895	0.0064828473552686425
m291.000	0.03099872327211315	0.018318739173080887	-0.030583719988073275
m292.000	-0.007349661314998973	0.003838822213635584	-0.0054682364914163655
m293.000	-0.00030129035958534556	0.00824837686905087	-0.01156406893370963
m294.000	-0.03237163984136596	-0.00947642613170447	0.0044045463344745475
m295.000	-0.021818455729189765	-0.00569091903712751	0.006618675425061651
m296.000	-0.054579009273577596	-0.024141074083758894	0.010721570881134486
m297.000	-0.032207726384695046	-0.00021466311355517872	0.0025346360666154365
m298.000	-0.06168825177235977	-0.020045455422530528	0.00939573357289877
m299.000	-0.031382432848033257	0.0023570311100030556	-0.007089720836687947
m300.000	-0.051048038497198765	-0.015481847067231888	0.00600060456335537
m301.000	-0.021437680754784385	-0.01521064092465531	0.006739905694808983
m302.000	-0.02498249991861403	-0.0011689753076273358	0.004580607455558305
m303.000	-0.011801006337142999	0.016986100490159712	0.011852879295079654
m304.000	-0.00938511425572203	0.009513806283104543	0.0011211266850628917
m305.000	-0.013409335953243593	0.009692580620680208	-0.0016207262558558335
m306.000	-0.008683297972157219	-0.0030714239585101777	-0.0002733408397868589
m307.000	0.05396706994097474	-0.02497168672080139	-0.011896944757414733
m308.000	-0.012833548293161013	-0.008917120277176995	-0.0075923937045262995
m309.000	-0.027263791020127947	-0.018350106105216896	-0.005381649036159616
m310.000	-0.03479746866954177	-0.012378502041040372	0.004742479836200892
m311.000	-0.04928248946493832	-0.016665601271546936	0.005067625075704689
m312.000	-0.03443256735332742	-0.008106631935221984	0.0056092451152036805
m313.000	-0.03856472577439823	-0.0011488117971264673	0.0025623252999303456
m314.000	-0.0238889778360777	0.001836991617180596	-0.002116517322676937
m315.000	0.0006795983043145206	0.022443306532400023	-0.01995219081108948
m316.000	-0.014199892093951862	0.006107140060088698	-0.0006016238549164255
m317.000	-0.003964220389382619	0.010184274293996294	-0.008518641058009932
m318.000	-0.03011967299263896	-0.006751663024632769	0.005364585020257194
m319.000	-0.014115053771708859	-0.0027616833468582626	0.0024877330657550895
m320.000	-0.047473155241060834	-0.014075960404840432	0.008526262872264948
m321.000	-0.028499255240237463	0.001776530826498257	0.014661315017124477
m322.000	-0.05187195625444137	-0.01950436856986755	0.010286825085051932
m323.000	-0.028715401702114306	-0.00473872775386447	0.007897463588612045
m324.000	-0.04554836463042783	-0.015131939072105145	0.006374908907667237
m325.000	0.01683412175115729	-0.010070824919586559	-0.005715385840512557
m326.000	-0.023022632529764248	-0.005320992997107292	0.005512831476595422
m327.000	-0.003429741482713376	-0.006381180565241328	0.0028935462666164922
m328.000	-0.01087357514396013	0.002478493673660834	0.002796792086217952
m329.000	-0.01507461096299852	0.000564104332865464	0.0012141033377700075
m330.000	-0.015454415914817946	-0.0007908219239700329	0.002640540672915595
m331.000	-0.029916754244183153	-0.0010697489378328842	0.003930234006818508
m332.000	-0.02461057487195028	-0.0030772180613450276	0.0023842671620695802
m333.000	-0.030140464126759064	-0.004928873796626916	-0.00674448511387292
m334.000	-0.024305816670070538	-0.00394727365462529	-0.005561623823942584
m335.000	-0.042213748007616896	-0.008404394599800122	-0.001962383325529376
m336.000	-0.0317622888376595	-0.008442065552646472	0.0028637344763473575
m337.000	-0.03695428690649779	-0.01612366361514625	0.010051992700405197
m338.000	-0.027345520253797675	-0.007639420728200747	0.00854988448003636
m339.000	-0.01649815330333344	0.005478170256695326	0.007467771235160175
m340.000	-0.015691172921708924	-0.001395333810604284	0.003027263847411624
m341.000	-0.005021527407609526	0.0007578460588781765	0.0011588243125949715
m342.000	-0.019424891549731316	-0.00316200594955927	-0.0007425612151852073
m343.000	0.0023403380866594175	-0.0078840504916531	-8.817923844278868e-05
m344.000	-0.03618718492932107	-0.011640957801607097	0.007357398517678773
m345.000	-0.0224766324158372	-0.0075078840125324805	0.007742742710888915
m346.000	-0.04692085835910489	-0.012538533421208713	0.011140988419400309
m347.000	-0.02635863177193283	0.005981092508575589	0.009669081968018496
m348.000	-0.03263570885347553	0.0021614213442981358	-0.009085978257693555
m349.000	0.0827037116684244	-0.03464851665696486	-0.006991474397295946
m350.000	-0.019147316425217636	-0.013019069780540555	0.0012799267731557656
m351.000	0.0009858642308907123	0.0010010728235607105	-0.00953657007398259
m352.000	-0.011872478837493277	-0.0017804198034626648	0.0018097067513773368
m353.000	-0.009653983566199753	-0.0011020096110796627	-0.0046365177347656985
m354.000	-0.012989290851176024	-0.001138583853050107	0.002176988866755977
m355.000	-0.0229416838003795	-0.0035514201049624892	0.0006734826012763292
m356.000	-0.020173755372216277	-0.003184458918005993	-0.00011650265811495524
m357.000	-0.022512888986466337	0.006964146439596937	-0.019623733083385955
m358.000	-0.025693148875629356	-0.003470842980691719	0.0003609403500854982
m359.000	-0.040962332358293926	-0.006342455451422702	0.0007754367206339164
m360.000	-0.029732111181256994	-0.008575581727802475	0.002500893141105202
m361.000	-0.03579195867892472	-0.012838569058077948	0.0038815802027865314
m362.000	-0.026579722723546983	-0.0038568048831609187	0.0069468248726614595
m363.000	-0.02015834369950524	0.01032584368632972	0.01961362592259421
m364.000	-0.01721925036247591	-0.00289302489727923	0.006972325699813129
m365.000	-0.0056645689978752035	0.0021091039465863715	0.010225356884130754
m366.000	-0.008912903137127882	0.0042888037902522385	-0.0032282973548906193
m367.000	0.02376302775862103	-0.0007219633335109213	-0.01720534622872752
m368.000	-0.01876114481680732	-0.012060736440323754	-0.00028639863889672306
m369.000	-0.00879678861905893	-0.006464304736085865	0.0029240431762613986
m370.000	-0.03632313384548879	-0.016650507447870746	0.002666787228387839
m371.000	-0.02084573330270307	0.000724047127860544	0.000598769188491706
m372.000	-0.04187657850981443	-0.013340603904109738	0.005520545890826487
m373.000	-0.021321512481542265	0.0008905514544302354	0.00016820498004606313
m374.000	-0.037177991112586115	-0.009719899256181603	0.008485531387174061
m375.000	-0.018579171396255485	0.001918570854177695	-0.0022569499503722473
m376.000	-0.015731194011263227	-0.0036096165732275886	-0.0009512390389552114
m377.000	-0.012079440451189263	0.0030132063974436557	-0.005403229422306111
m378.000	-0.011586033537369632	0.0005060454893018401	0.005969048825316235
m379.000	-0.013206529764734635	-0.006362543251912219	0.0040544909388521184
m380.000	-0.016636561123516812	-0.0031815740450234537	0.004981171079316922
m381.000	-0.02627813733573174	-0.004137266778629906	0.007812265158163741
m382.000	-0.02080884527893796	-0.0037902275199475474	0.005997058484994704
m383.000	-0.03432630052859941	-0.011158226534224887	0.01333849089034951
m384.000	-0.020683524293118434	-0.006342487641051841	0.001123116590288793
m385.000	-0.0187817888417842	-0.015061850001705868	0.003020175780908773
m386.000	-0.022039422897919443	-0.007864544527831764	0.0037090214317876046
m387.000	-0.019946154603077366	-0.009334163810460847	0.00708394605524253
m388.000	-0.019229224063078778	-0.0016879640497637237	0.006437312637678003
m389.000	-0.011783870306327665	0.008179981855184945	0.006254607298514876
m390.000	-0.015425125149039359	0.001407667311157043	0.0059505397339332505
m391.000	0.009697500259542484	-0.004165963666832245	0.0038459858990376604
m392.000	0.025462478199437533	-0.018579449920079812	-0.005992221755740925
m393.000	0.011336078891284686	0.008898706770143372	-0.024745798248859977
m394.000	-0.025643110115037476	-0.010834232560223622	-0.0002562764821530462
m395.000	-0.015254612271737321	-0.003307857920350824	-0.0034177814188477203
m396.000	-0.03607804037860403	-0.013499029038234885	0.0027101722534413008
m397.000	-0.019451205177145936	-0.009363042705498481	0.003001681903121029
m398.000	-0.032566733191444555	-0.010629885319727991	0.006268846147396199
m399.000	-0.020311334316192396	-0.0028477169975402814	0.0028405117259644097
m400.000	-0.015900090603609005	0.002345037134405292	-0.003765684978908532
m401.000	-0.011890678217973284	0.0007916504134804068	-0.0033227859631474277
m402.000	-0.009941650901609646	-0.0018077599327747356	-0.0015706702113251374
m403.000	-0.00698638220420982	-0.008460600938826831	0.007662619810485774
m404.000	-0.013997125719344772	0.0030990206113738774	0.006058577588696583
m405.000	-0.02112210169393516	0.012894177527264464	0.026913843863445325
m406.000	-0.016657633634180023	-0.003630283102371885	0.0019534105219810574
m407.000	-0.024624364368844947	-0.0043452163420988335	-0.0011841675364778733
m408.000	-0.002159990344610859	-0.0004389879341691538	-0.007173639802874672
m409.000	0.052897168360663924	-0.012233097149933625	-0.024303907437848955
m410.000	-0.015391923019458525	-0.008364972988695586	0.00100463481154367
m411.000	-0.011515638520258636	-0.014908100105820736	-0.0033201534837165544
m412.000	-0.017923174841668388	-0.0038824239931874592	0.0034463707514214956
m413.000	-0.01250353883524724	0.002161084870828272	0.0014041974446251041
m414.000	-0.01590354665083203	-0.0045081760938926905	0.0017898520284007986
m415.000	-0.009996974211208572	0.003264443717027663	-0.002965774959336622
m416.000	-0.0182498778710647	-0.0015129583016150092	-0.001961931614212964
m417.000	0.0025338898572604927	0.02025990317690948	-0.02317899699110837
m418.000	-0.02522672746258705	-0.005698059796242767	0.002070535366372869
m419.000	-0.014701647357671965	-0.0029727813914959293	-0.0007619136272447907
m420.000	-0.029859464093096366	-0.009989582516581481	0.004978759910958411
m421.000	-0.012760932480493228	-0.00551191572039749	0.0042448493311352505
m422.000	-0.03194429520818526	-0.010535506060369647	0.005522471074839047
m423.000	-0.019608129179952482	-0.006270141644059258	0.005101125169480565
m424.000	-0.020082507318121254	-0.006622731227265948	0.006782301712947649
m425.000	-0.009651619210670507	0.0008503529435420744	0.005382181788292589
m426.000	-0.0036188664516744497	-0.0011297792359865183	-0.0024576896253110827
m427.000	0.01134110080522104	-0.016084479772610173	0.001580610385526547
m428.000	-0.006371446182609593	-0.005054145451205551	0.0015790354408744467
m429.000	-0.005927691119775497	-0.011078173759943076	0.004087095118632171
m430.000	-0.013732496116152763	-0.0022109865326922617	-0.002493672265464995
m431.000	-0.023693915296366677	-0.005903024170299982	0.0023732481561773776
m432.000	-0.01940063331677019	-0.004047355612325781	0.00028661304749893584
m433.000	-0.02547981322712134	-0.002324072337506964	0.002541513071689744
m434.000	-0.012811384094896391	0.0009980935155785673	-0.0018864196391505821
m435.000	-0.009080175313671337	-0.001699624102002022	-0.012937623942128322
m436.000	-0.015159777733150269	0.0006948738861590664	-0.005838303421904575
m437.000	-0.01239840918329523	0.0025769765434608795	-0.0075075696898781455
m438.000	-0.014228304904516037	-0.004403848566521469	0.004312919997611488
m439.000	-0.005616770980327899	-0.002738291906405177	0.0031458096001983787
m440.000	-0.014996450595796735	-0.003828635130253785	0.0031495761476627365
m441.000	-0.00864603079440434	0.0018617988731570096	0.00020741586285233086
m442.000	-0.02079619287377599	-0.006450726143264684	0.0033893191595631765
m443.000	-0.012884818588294268	-0.0003634178009398816	-0.001051295642042732
m444.000	-0.02211743961721363	-0.006588092302108538	-0.002501340945244506
m445.000	-0.010764785252323491	-0.007470434450091194	-0.002191889615061833
m446.000	-0.026603268098614064	-0.009228158577067986	0.007248559116071
m447.000	-0.015258189346471012	-0.00535903379165529	0.004524686638240108
m448.000	-0.0211888844556875	-0.0026764673639697156	0.0034036573541228743
m449.000	-0.011986302725413503	0.0038713612187860832	-0.0006960267854142647
m450.000	0.026304849905130896	0.014622045691480422	-0.02286928293427607
m451.000	0.0950396168168438	-0.025002989489266263	-0.02163388437614269
m452.000	0.001958156580913004	-0.0022517046727919526	-0.0025494176660978414
m453.000	0.00021123926035968068	-0.009889392291945692	0.002220069875188221
m454.000	-0.008082470861476562	-0.0016880552388476994	-0.0016809399217527134
m455.000	-0.01573801709918864	-0.008170634090822868	2.108035795293417e-05
m456.000	-0.012782251555423223	-0.004994601502754348	0.004279922780635835
m457.000	-0.02156108469744215	-0.007205077004192258	0.005131399833263835
m458.000	-0.012481730516763058	0.004122875910546878	-0.006481291038359735
m459.000	-0.006180279944071437	0.012528962514378466	-0.024832051367374444
m460.000	-0.01498538319101996	0.0012560955902596075	-0.0010957533134684672
m461.000	-0.015499927226488752	0.001905750846824501	0.004682338489178354
m462.000	-0.00930865407793225	-0.00023325659885932597	-0.000489586117705751
m463.000	-0.004386434794927479	-0.00495479056091166	-0.002524851772628323
m464.000	-0.01174280635983694	0.001438711282127528	0.003933115484800972
m465.000	-0.008445556096814019	0.012457520673398956	0.014132786135375271
m466.000	-0.014636808533692204	-0.0036237711268646902	0.0030317450424477963
m467.000	-0.0054049960408851655	-0.001077782345612888	0.007426524308115721
m468.000	-0.007327067672998982	-0.0036019666191677703	-0.002342179981825563
m469.000	3.5537149987770815e-05	-0.008471424271942153	0.0016210393009373038
m470.000	-0.013956233107675102	-0.007328737264738131	-0.0005400570578472564
m471.000	-0.008775636287267966	-0.006445750426871108	-0.0016782562033361168
m472.000	-0.016673425592162235	-0.006749709228067975	0.0009018928968680929
m473.000	-0.01129687747786069	0.0016132067346400836	0.0037035141973714653
m474.000	-0.010947647141935656	0.0018996400141572348	0.00025711591505810506
m475.000	-0.00613640212086077	0.0003953826445249493	-0.002663065681207249
m476.000	-0.009319809791536255	-0.00017805140713884253	0.000766592437746607
m477.000	-0.011430485145190773	-0.0016528108603536585	0.001382274387712783
m478.000	-0.007996319523639845	0.0003297039805974626	0.0027935658063377306
m479.000	-0.013657426080530017	-0.0020286890835090467	0.00033987966173374513
m480.000	-0.008999265523553268	0.0017626295484954946	0.0010229055705392833
m481.000	-0.01301653119811365	-0.010504858249310627	0.005575364394221113
m482.000	-0.011629755860909523	-0.0008340205671908622	0.0019674516115570605
m483.000	-0.017547061292250803	-0.002324148207945686	0.004176026965717161
m484.000	-0.012906312867519103	-0.0019101904631137225	0.003955879867242923
m485.000	-0.013418147085433619	-0.005214596565615444	0.003143678374410666
m486.000	-0.003998422838479541	-0.001804487093197924	-0.003392861659095191
m487.000	-0.0014051029858578251	-0.0060824193925368185	-0.0018234763039629666
m488.000	-0.008041449861110312	-0.0016173335673202167	0.0024861490067501126
m489.000	-0.0051933311576907275	-0.007186432278653541	0.003527788294735473
m490.000	-0.0124275338930067	-0.0016893580531468948	0.002726698763782199
m491.000	-0.006460313061194507	0.002870324810506504	0.0011757755002558704
m492.000	-0.013874111429357279	-0.0021029984600141167	-0.00019261251829739103
m493.000	0.014759454426396776	-0.018380737842859075	0.0037505279994904626
m494.000	0.012871516547505221	-0.011240929310476062	-0.012417937498124849
m495.000	0.000978862708807983	0.0007451502343885528	-0.011595763283362984
m496.000	-0.011568349624714609	-0.002937683878161268	-0.0044450182193483
m497.000	-0.007901173609646497	-0.000564825586378379	-0.0018615889702371566
m498.000	-0.011440900854449116	-0.0032283106941264723	0.005140102244094789
m499.000	-0.008950513447903919	-0.004806764234448608	0.0028433399263093208
m500.000	-0.007628282916246342	-8.451867816947918e-05	0.0011264997798449087
m501.000	-0.00815348616311899	-0.0022253451384953507	0.004062337754849619
m502.000	-0.0038869381315576805	0.0023311594883324914	-0.0026662185742829425
m503.000	-0.011209627456758225	-0.0019765233660506785	0.00025115274994146004
m504.000	-0.006355102844471409	-0.0009016265938652641	-0.002601497574394613
m505.000	-0.008986008787403948	-0.006663048183624242	0.005389420217057902
m506.000	-0.008860796661381409	0.006842876847972642	0.0121816093044929
m507.000	-0.011879210409153608	0.008614821073373484	0.019231031296214864
m508.000	-0.00947325489343735	-0.0008116268247796845	-0.00032632782377306794
m509.000	-0.009024603101183155	-0.001082673626932442	0.003031625418242093
m510.000	0.014805643436210415	0.005399448503640725	-0.012052671779202793
m511.000	0.05500661807896364	-0.004104408575539203	-0.026122978305173697
m512.000	-0.0014502600189306562	-0.004075194415523749	-0.0021956705769099203
m513.000	0.007292396742531086	-0.006161321177253209	-0.002799264184151593
m514.000	-0.007121054945906695	0.003341844487441287	-0.001398928670376666
m515.000	-0.002757072825416171	0.002172784198149941	0.0005394629669079194
m516.000	-0.011724018038513046	-0.00013561208553123782	0.001393335466207917
m517.000	-0.008281881079242508	-0.0010634946425940675	0.001262196512542988
m518.000	-0.014703045198354763	0.0017315970413360345	0.0007236762413968284
m519.000	0.0022052824841814586	0.01551604970722269	-0.0149075369529606
m520.000	-0.015307559047709623	-0.0018166243760431933	0.0019767344214420128
m521.000	-0.009446533961201082	-0.00154925334840008	0.0012623036030639733
m522.000	-0.008172549856391188	-0.0023993205683421033	0.0003095434430217803
m523.000	-0.004246722637048156	-0.0012179326386679043	0.003081113654677816
m524.000	-0.0071835798366269455	-0.0004328453961696299	0.0022300638067513554
m525.000	-0.007045036297275816	-0.0005483035732160898	0.0016887198110415952
m526.000	-0.005289418575902316	0.00026745318121106684	-0.0009775944094988552
m527.000	-0.00644144299495657	-0.0006012507716455009	0.0015027505830457616
m528.000	0.00855312090098291	0.00037093999463907453	-0.006596689831879865
m529.000	0.011807771217170665	-0.014554570681481057	-0.0021218924752193966
m530.000	-0.0014434033135068047	-0.0016219254112799211	-0.0003481073737428572
m531.000	-0.002650546873975904	-0.013403344715896435	0.0038069773202216
m532.000	-0.0076746648464770155	-0.001056847600406944	-0.0006277126792167727
m533.000	-0.011214238728601701	-0.004828960205052065	-0.0008819365858423725
m534.000	-0.009237261545193864	0.001251521829678985	-0.0002421893424932964
m535.000	-0.009689869689227505	0.0011713225727266149	-0.0010796159252813243
m536.000	-0.0031645459185212776	0.006476419682612801	-0.0066735536850536965
m537.000	0.0023656472210659184	0.0032273505165370036	-0.005856300142056669
m538.000	-0.005164001419756547	0.005683243385030876	-0.006728575068552987
m539.000	-0.002324283900413524	0.0056536620571104946	-0.0021987813991329306
m540.000	-0.00888306815970508	-0.002261865219688385	-0.0018114539188444781
m541.000	-0.005201978419339656	-0.004235604992459694	-0.00029711041601078437
m542.000	-0.011260846114413177	0.000409996834624396	0.0006711453383987933
m543.000	-0.0065961120802869614	-0.000985372630768804	0.000424558889868924
m544.000	-0.012374760536913696	-0.002976667636453665	0.0012738339021379057
m545.000	-0.006638299271669932	0.0002807352950606886	0.0016387693686213684
m546.000	-0.00541583667508901	-0.0023937503695605294	0.0020624922382759545
m547.000	-0.004258442197070435	-0.0033336478813746915	0.0036345589571419364
m548.000	-0.005628375222354491	0.0007078197837026294	0.0023507228609895973
m549.000	-0.006819957188348955	-0.0032573706377589384	0.005072013165674102
m550.000	-0.00390979512474432	0.006271693717185126	-0.0006185885855535935
m551.000	-0.004078924438880036	0.0034557811929594737	-0.0016727970256214066
m552.000	0.04010590520095083	0.007096335504757735	-0.02410716131578401
m553.000	0.08063337415399564	-0.02891832755063189	-0.018931217442379498
m554.000	0.0031883652047775585	-0.0027319624470467947	-0.004373617877884624
m555.000	0.0018013246055226517	-0.009184960355035642	-0.0007651657907209476
m556.000	-0.00450533284425799	-0.0008760159189893637	-0.0021157470184758197
m557.000	-0.006824588379271631	-0.0037657787433044336	-0.0033490158351425895
m558.000	-0.008026576569645326	-0.0013247388249814761	-0.0026485040473284427
m559.000	-0.008814422518018377	0.00017509084348086619	0.0017325551950204958
m560.000	-0.0005256559963010967	0.009912533786921638	-0.012096768683200601
m561.000	0.006620731835973422	0.012691815712125333	-0.02318847544073488
m562.000	-0.004408689503589721	0.0019144721070513797	0.0010578683020968753
m563.000	-0.001680887486602707	0.0014373239709090007	-0.002192645406344829
m564.000	-0.0023952136323550552	0.0032064251881546483	0.0003676979929575046
m565.000	-0.0023384334925651527	-0.002264974654811257	0.0017444342230123302
m566.000	-0.0072143859039367824	0.0005618367204325179	0.0029328758672716197
m567.000	-0.0032496207142125827	0.006201225341761341	0.012714408294127798
m568.000	-0.007237478366376138	-0.0021960261803928064	-0.00014864969125063705
m569.000	-0.00230566654143571	-0.0009804477749839702	0.008052557332706286
m570.000	0.0042448745310869306	-0.0003692674558404557	-0.008387276039703285
m571.000	0.004269415382430961	-0.0074669073399885105	-0.0021274436645039624
m572.000	0.0012520295059589182	-0.005587132432474482	-0.002384244138491112
m573.000	-0.001419479868586689	-0.0045324952967884585	-0.0011962014907622906
m574.000	-0.0008329834623850892	0.00021707818781579633	-0.0005858638349785952
m575.000	-0.003988339173618152	-0.0005894100945746557	0.0013219460031287569
m576.000	-0.0011082789216871924	0.007129725360591133	-0.0024069899041380565
m577.000	-0.0058846107519288935	-0.0005301445119474775	-0.005301374450878382
m578.000	-0.003974086529631661	0.0024718598216770795	0.0009141765000179657
m579.000	-0.005109331769284118	-0.001735328893862482	-0.0002256299897116788
m580.000	-0.0040062947186098475	0.0036075602075154966	-0.0024415475926709675
m581.000	-0.008182227231393056	-0.0012750412387169683	0.0015681490353091914
m582.000	-0.0036678736642595357	4.8568313872534476e-05	0.0012561317796033718
m583.000	-0.003448931522124183	-0.0023986029523548544	0.0052832567920622665
m584.000	-0.002445348986410854	0.00481460805164829	-0.002658813584330622
m585.000	-0.0021897635137135443	0.0026498132170669317	0.0010180454335075907
m586.000	-0.004371036475835785	0.00013246946341780055	0.0005240236693822652
m587.000	-0.0020444339276697978	5.4237637163124687e-05	0.00468398684944754
m588.000	0.0036128205303245504	-0.0013154582861295207	-0.0052377518309527265
m589.000	0.001488547024864806	-0.005456246512065437	0.0012647437100201048
m590.000	-0.004153691947439551	-0.005118316399624626	0.0009415935283963109
m591.000	-0.002829961841345441	-0.006824424482972577	0.0015464589993651866
m592.000	-0.005558052259474019	0.005639731501615678	-0.001580661206338745
m593.000	-0.003073152404885711	0.005995791446929032	0.0008428112970443239
m594.000	-0.005380158127262729	-0.0014905260052296898	0.003828375798105697
m595.000	0.02056869003709037	-0.012153719448643912	0.0021836506489447847
m596.000	0.01886622768527526	-0.003973674384969325	-0.017024438569463334
m597.000	0.005838476934999977	0.0021189823220974942	-0.011587489509638416
m598.000	0.0004269130775004612	0.003024998294021305	-0.005351749358102552
m599.000	-0.0013539734482072333	0.0013681824911873665	-0.003438654436183554
m600.000	-0.0009080526811732991	0.001454034980797126	-0.002292993899029687
m601.000	-0.0043036641254998575	-0.001924389832703137	-0.0011438613296928968
m602.000	-0.0015632479328438246	0.0026018560846221886	0.0008602439342642531
m603.000	-0.004706247361012173	0.0015996639434965956	-0.0015065775075835896
m604.000	-0.0011071765458888594	0.0018327006362802744	-0.00533638937187233
m605.000	-0.005415077182225957	-0.000701024793691796	-0.002045711717058068
m606.000	-0.001564153976519681	0.0011576781691575889	-0.0034676574424547663
m607.000	-0.0038942511923774083	-0.005923033432367323	0.004057098202218779
m608.000	-0.00183152289690679	0.015527080641286986	0.01164998272632424
m609.000	-0.0012585134722575136	0.010940129412420178	0.017505333212398215
m610.000	-0.0006035183870952836	0.0045126338567603695	-0.003995764455538681
m611.000	0.0018116469339989531	0.002983867778602508	0.0008678650362932619
m612.000	0.022833781302758597	0.014056721232846394	-0.014714533224668336
m613.000	0.05073182878124707	-0.0126163231466017	-0.02386343300823372
m614.000	0.004440972509716598	2.6425710304799237e-05	-0.0052828445677641205
m615.000	0.007229365388679756	-0.011189385246726278	-0.0036601871426843397
m616.000	-0.0026716033514906294	0.004672028674332989	-0.0035709749747349267
m617.000	-0.003525743724359859	-0.0013384486170223196	-0.00254886761529951
m618.000	-0.006524584055631014	0.0019203556837303927	-0.0009931168820517182
m619.000	-0.0034284480887399344	0.00015906022112988603	0.001017095873701342
m620.000	-0.0021085308277329316	0.007065426934735311	-0.006044266630690989
m621.000	0.0034191674671470644	0.011460679972389646	-0.013534706701522558
m622.000	-0.0015055485055752293	0.0073331387115388	-0.0030833862268584054
m623.000	-0.001941599575956186	0.0008270263942883945	-0.0023057640386886656
m624.000	0.0026986699722217657	0.0012555704294086839	0.00040006330690171556
m625.000	-0.0005901327963911458	-0.0011052195182692736	0.0005007800668678908
m626.000	-0.0008334511181810129	5.927504751059218e-05	0.003602550533956077
m627.000	-0.004720374420034938	-0.003688591133435958	0.0021131365929808986
m628.000	-0.0007309826097476418	0.002097149651339838	-0.0025841048707090776
m629.000	-0.0028709918930092896	-0.0016242958793663625	0.0001654196222610887
m630.000	0.012543106758400471	0.006976691183326689	-0.005806625533820677
m631.000	0.012027314931997858	-0.017871603397905427	-0.0009629977271598247
m632.000	0.004012671917353995	0.005128381965780779	-0.00030851982654780773
m633.000	0.004185916584138909	-0.01142863124440691	0.0006632862912904889
m634.000	-0.0019000590321077745	0.002141471744524925	-0.004591596364427942
m635.000	-0.0014707844290659056	-0.0030609354522335105	-0.0025985297549866405
m636.000	-0.00383309228493059	-0.00030529980084352727	0.00028569843827570027
m637.000	-0.0017090899190612481	0.00191335774852276	0.0013346303649206378
m638.000	0.0002201055152689345	0.008493741658243209	-0.007850874683761206
m639.000	0.002350759247466719	0.0005542905044738949	-0.001919860405168644
m640.000	-0.001112050071013365	0.005883165767219043	-0.005436958324788908
m641.000	-0.0008515847527909669	0.0008225002924965797	-0.0031363745310125715
m642.000	-0.0013527350653572848	-0.000494214206807704	0.0021369850469284014
m643.000	-0.003100003921542002	-0.005689136188524665	0.003154061824738519
m644.000	-0.003065814593626318	0.0009113206623043569	0.0019736882919977935
m645.000	-0.0025937297959823732	-0.002416311732506787	0.0018319866312312475
m646.000	-0.002392302423953616	0.003581011807397442	-0.0006028600858260792
m647.000	-0.002865376582210069	-0.004518982326840327	0.003064725349520804
m648.000	0.0025267062546187593	0.003572013921203302	-0.002379381396376797
m649.000	-0.0013076542304028694	-0.0017876744711642835	0.00349237282556233
m650.000	0.0005417844191028702	0.00012181423225392891	-5.9465520576407584e-05
m651.000	-0.0021178238890492457	-0.0019994003654827787	0.002852832457943783
m652.000	0.00220232879311671	0.006036973476396928	-0.0029217633279274586
m653.000	-0.0007775248003199813	0.0010957764101653968	-0.00020605544011520285
m654.000	0.05495196500945637	0.036380974780802544	-0.04183993158189448
m655.000	0.06163833246574783	-0.069598252819714	0.0071710608650594684
m656.000	0.007731375148442937	0.0010712875774952085	-0.006423951029977437
m657.000	0.0069431467534051775	-0.011629889345279882	-0.0004909022994754075
m658.000	0.0015852128306932138	9.894320750369536e-05	-0.0013509253678092056
m659.000	-0.0007011270400404406	-0.0029141623628374013	-0.00066262970286178
m660.000	-0.0013595064655001544	0.0016335925505741257	-0.002704139218430339
m661.000	8.816895909482861e-05	8.966763474801204e-05	-0.0033238286967623943
m662.000	0.004787243107375094	0.015823351679348	-0.018628415333290467
m663.000	0.006461225400143405	0.0017048125362297039	-0.01085552746653955
m664.000	-0.0015553868060675963	0.008150407877183848	0.0003914387234121212
m665.000	-0.0007224140287326626	0.0017808222124463258	0.0003154478405521154
m666.000	0.0016917734824284565	0.0020257043274934114	-0.0016409746252147742
m667.000	-0.0006480770503792452	0.00019440357773012413	0.002148535804187395
m668.000	-0.001474129843127568	0.006732866319773503	0.004334742831452897
m669.000	-0.0016304251384777469	0.0032066394426170748	0.005624334198881759
m670.000	0.0010267815137724448	0.0042098300474365845	0.00022445036952145156
m671.000	-0.0005503432204497049	-0.0023706693758204127	0.011045015426776121
m672.000	0.010746452464433521	0.00196474064396159	-0.009107732808501969
m673.000	0.00530147083278237	-0.004155940000411741	-0.0011166921022685555
m674.000	0.005387885958947212	-0.0033466816733076867	-0.002479460705153167
m675.000	0.0016017345781895941	-0.0022619494229759005	0.0031423041368542556
m676.000	0.0016845048609363848	0.001591612138157802	1.8326198936347854e-05
m677.000	-0.002097952582849888	-0.00405628794155535	-0.002768149831966024
m678.000	0.0007801238976039851	0.006264355358788388	-0.0013820647303298423
m679.000	-0.0017424676835219501	-0.0016706208236522235	-0.0023868365329943755
m680.000	-0.0021810915943284302	0.0017453367015875846	0.0037647119792349262
m681.000	-0.0028868785899510436	-0.0005488682556912408	0.0007449733120501251
m682.000	0.00033428532339875724	0.0008450175835116251	-0.0001204747378400033
m683.000	-0.0005227756766467956	-0.0011794290019319694	0.00047625179035902727
m684.000	0.003118444432083417	0.0034217944693181817	0.0005790313731812119
m685.000	0.0001005455398627199	-0.005074147256800231	0.0014879559963432182
m686.000	0.002939056459734265	0.008308738685406644	-0.0030560301158669718
m687.000	0.0011675912743105005	-0.0014081987507366936	-0.0024036065201212993
m688.000	0.0016281878506391404	0.0041106719785177	-0.0016706976742134482
m689.000	0.0004097048558395423	-0.0028132802459605887	0.0019026419283093843
m690.000	0.005839988634261175	-0.00153284535017304	-0.005234827597411865
m691.000	0.0025037425159484586	-0.0019851272278045445	0.0018564600073169761
m692.000	0.001737675566314505	-0.0007902226442831245	0.0014479780375315835
m693.000	0.0007806589342525628	-0.005240010542456681	0.0012936104820849088
m694.000	0.0014001853565199988	0.008799667565537668	-0.0033347762204341343
m695.000	0.0006902559046248844	0.003957786896798982	-0.001124064119483066
m696.000	0.00310040536696728	0.0029672715000456143	0.00046902686753321214
m697.000	0.023701864046652886	-0.004013169169557601	-0.009599112027994475
m698.000	0.013864476141698988	-0.006876555270848098	-0.01087198008393659
m699.000	0.005988454974733523	0.0002116272098239772	-0.007444479976037871
m700.000	0.004203927473304974	0.0005888829099633089	-0.008037531125377322
m701.000	0.00046326377230877157	-0.0006571678772070319	-0.006031900312519672
m702.000	0.001568149279469593	-0.0002705621971231313	-0.003418568239117088
m703.000	-0.0023274168658833044	-0.004116950865060971	0.0012887615980166525
m704.000	0.0010705585920025623	0.0013928176807683377	0.003167359623196164
m705.000	0.0018206062325024793	0.0031982578667062926	-0.006431267079568439
m706.000	0.0024004763819469232	0.000806806507082142	-0.003619521718247061
m707.000	0.000713185115277057	-0.0003991691014729217	-0.002007510266835758
m708.000	0.0041023346427384215	0.0037236618110576955	0.000852468727869247
m709.000	0.001770517715630424	-0.0036435842697206625	0.001090421955820699
m710.000	0.004204592935454025	0.018812224374244426	0.015075172097711738
m711.000	0.0025656223202411097	0.003633351768109504	0.006709245882084202
m712.000	0.0034594024084511417	0.0044339443071873975	-0.0028687437024934904
m713.000	0.0032096488375343317	-0.005323334058222264	-0.0008919415099264943
m714.000	0.03696725639046476	0.0260743472216728	-0.03284722313044266
m715.000	0.029765448509766885	-0.037087097463600276	0.00038296638406190087
m716.000	0.010169975079230136	-0.00011278017829249401	-0.011809821880716723
m717.000	0.00637358112775537	-0.013688511318936206	-0.000675171455987574
m718.000	0.0023070494471233633	0.0031959934698522945	-0.0007677798160903224
m719.000	-0.0008160954285880878	-0.001881919439568989	0.003385721000217612
m720.000	-0.00044238051009279513	0.0035769819338055354	-0.00025747447222402653
m721.000	-0.0018480381384615833	-0.000980300411990984	-0.0022738799426138216
m722.000	0.005549461000723483	0.016271569832793122	-0.011119101354566154
m723.000	0.0035437178670763504	-0.0005183177965091253	-0.007525493786822608
m724.000	0.000817852552483622	0.004984777793003313	-0.004312722516541264
m725.000	-0.0009827235491638958	-0.0018287163590719295	-0.0005636939515736662
m726.000	0.00567392219074988	0.0018220447169938038	-0.0014606675309340046
m727.000	0.0005582573077217321	-0.0037318088113657277	0.0011242395023439995
m728.000	0.0015564761268795388	-0.000750906307204152	-0.000963624357546069
m729.000	-0.00033132229335049434	0.0005358954660867686	0.001371109941957481
m730.000	0.002795330312601045	0.0020741236580289735	-0.0025701916461297494
m731.000	8.165674159963805e-05	-0.0020494741320674073	0.0008900599478208843
m732.000	0.02035441257922587	0.005921933632936307	-0.013557861085976848
m733.000	0.008542197459451395	-0.015101348296315088	0.0023446458242763245
m734.000	0.009305559237564591	0.0038210963543941676	-0.006515147883221536
m735.000	0.004703156942476502	-0.010997472257586611	0.0020511814282811315
m736.000	0.0016297886620681042	0.0028633194585022696	-0.0011839361707496315
m737.000	0.0011397265130870594	-0.0006840647513740741	-0.0016229034511461063
m738.000	0.00047857660511826326	-4.902337008745328e-06	-0.003937292272566235
m739.000	0.0007086410049923168	-0.001833277356271521	0.0016684069314346498
m740.000	0.00513719916780615	0.006177676614983373	-0.005149763824764041
m741.000	0.0019852275593142854	-0.0019564609888706695	-0.0027405116650045733
m742.000	0.0034666846261870647	0.006561117771714785	-0.008764101121929125
m743.000	0.00011452972988831651	-0.0010218869815808373	-0.001060696398370427
m744.000	0.0016270783837123433	-0.0015935299918930228	0.0010072265611374342
m745.000	-0.0006626550120588277	-0.00463972718773409	-0.0006907228876283722
m746.000	0.0015715066263759236	0.0014346695518506706	0.0009051623795534551
m747.000	0.00012515468400136037	-0.001080263839714797	0.00036746596703754935
m748.000	0.0016048679837408258	0.0015556062561445845	-0.001707165991477203
m749.000	0.0008075699088810266	0.001245637094179602	0.00015031476776183978
m750.000	0.004112501845187741	0.0018684074773425829	-0.001339580348372682
m751.000	-0.0013742958676906196	-0.00030089715334157224	-0.0014134598837042326
m752.000	0.001921114689211226	0.001136614405092872	0.00024807716031354903
m753.000	-0.0019035832180574418	-0.0010665698783121622	0.00608021916209384
m754.000	0.003458799753628146	0.005738641372221808	-0.003221819683848406
m755.000	0.0036431893339472343	-0.0022096031422988286	-0.002722075019197482
m756.000	0.06787966831179841	0.0007061352908110112	-0.02895926134373939
m757.000	0.03319574491624723	-0.05377262112741352	0.015597871971916751
m758.000	0.012391899198755295	-0.0009496631319698928	-0.0047576843167099125
m759.000	0.006252860653083709	-0.009828770419173209	0.00354485160825758
m760.000	0.0024563978354109894	-0.001817054468288039	-0.0032032460238290397
m761.000	0.0021126056008224994	-0.0006456891960450341	-0.0006169732688330965
m762.000	-0.00015528547391932434	-0.0009125597775962177	0.0011413147096634832
m763.000	0.0017162659002605994	1.4394428358846435e-05	-0.00044357796698193784
m764.000	0.009161321868803762	0.018675391000412368	-0.022069612105155945
m765.000	0.0029524629627723778	-0.0009042524888755394	-0.003440711003893379
m766.000	0.001832206924205446	0.009032240016792939	-0.002699388924786602
m767.000	0.000279138301279781	0.0020499735432621203	-0.0020325781963597034
m768.000	0.007355362538605931	0.0011811535738328162	-0.005614674891387764
m769.000	0.0023109365661792454	-0.004548196515471441	-0.0001372859358462235
m770.000	0.0008220156089046748	0.00844501214675946	0.006806628069010681
m771.000	0.0009768959250821881	2.8595518309237824e-05	0.002715515140843677
m772.000	0.0038991064154320822	0.004184889704099623	0.0036999569905433113
m773.000	0.0006515342202488475	-0.005252536009220089	0.002754215695912674
m774.000	0.009189991649190462	-0.00023196182791752524	-0.008232674291955566
m775.000	0.005722938793043432	-0.00276972070130819	-0.0029951523813466956
m776.000	0.004967266388130717	-0.003532196408608806	-0.0062015047376268295
m777.000	0.003096404679360098	-0.002927919787168976	-0.0021155230074969412
m778.000	0.0023485554214626677	0.0013209411708724455	-0.0020220547141304467
m779.000	0.00018058595546593207	-0.0034729943258866858	-0.003694253009473872
m780.000	0.0047323553315970655	0.006249155122382349	-0.005758049508218049
m781.000	0.001154982978278963	-0.0009228915683841681	-0.0021487599778650234
m782.000	0.000838128207349148	0.000718174660738342	0.00044223757288316723
m783.000	0.000755462228698647	-0.0013501360447360235	-0.00421892323037807
m784.000	0.0017443276094815273	0.0025668880361513825	-0.0015584629903494644
m785.000	4.690569555010943e-05	-0.0005143377643580126	0.0015191258414878346
m786.000	0.0032277226062007182	0.0034375324734677534	0.0003407519490875685
m787.000	0.002134219836828657	-0.0014076645384195658	-0.0006326190929091038
m788.000	0.004848786008022502	0.00858820683985266	0.000649195261781692
m789.000	0.0017186338210452472	-0.0018207626214171687	-0.0020881836124932883
m790.000	0.0018046020898826794	-0.00010566532455635241	0.0031340459924533333
m791.000	0.0017981075935188922	-0.0010752565517996708	-0.003156846977185496
m792.000	0.006187635509883692	0.00031860902303826327	-0.0032213855863905995
m793.000	-0.0001965896837958513	-0.001793584728110558	-0.001978867105045333
m794.000	0.004565606212662328	-0.0026431581230412643	-0.00239517956825789
m795.000	0.0005816730220361704	-0.006388578220842064	0.0013457432864175775
m796.000	0.0035729052151887474	0.005501765641110205	-0.001243985314178947
m797.000	0.0014013710818312083	0.002086318125747518	0.0007719154926072039
m798.000	0.0041584982494622886	0.0026096389001727233	0.0013434889112830287
m799.000	0.023124130805197082	-0.004105339308097853	-0.011988273175748363
m800.000	0.009907933978412683	-0.0021682030063781338	-0.0068199961118400815
m801.000	0.004086086207768712	-0.004763725982120819	-0.0023683214754776937
m802.000	0.0031480764083677204	0.0007797506991226038	-0.0035143734290983514
m803.000	-0.0005301097825322676	-0.0006773362277711396	2.490736049882828e-06
m804.000	0.002843884156879513	-0.0005439986348977334	0.0017734469063532235
m805.000	-0.0005445419197193091	-0.0009043054581323353	0.0016238394939944634
m806.000	0.00046258448931656	0.000813535355510135	0.0018705460347428812
m807.000	0.0022600964827046983	-0.0003849637931497128	-0.004816326730935068
m808.000	0.001558026283043681	0.0004002212232214686	-0.0003534708323548456
m809.000	0.00027941441634061744	0.00017590311698336826	-0.0003712967767581502
m810.000	0.004977636111483356	0.002075474840569365	0.0002663064551422731
m811.000	0.0009524507653491093	-0.004387496484409754	0.0007126497414348268
m812.000	0.0026583831760118074	0.013603748134330093	0.016696894637525245
m813.000	0.0015111562174137405	-0.00010244233499178735	0.002052433049866483
m814.000	0.002060880720723487	0.000922377052225521	-0.006249956955738406
m815.000	0.0027429708931566966	-0.006409196250151221	0.0023561349677933023
m816.000	0.033977935557867524	0.010281060240424685	-0.02628276260863448
m817.000	0.017244297274248775	-0.027009497172235254	0.0027022532361390687
m818.000	0.00893315891070127	-0.003149242224950657	-0.010231625248947487
m819.000	0.004183926260827034	-0.010263386717871711	0.00399469577353221
m820.000	0.0024770931133466577	0.004205962826691771	-0.0028311710252743273
m821.000	-0.0012473064206072438	-0.0010413455232473107	-0.0016092395300404952
m822.000	-0.0003535187109882173	0.0001421492821803166	-0.0012604462064196111
m823.000	-0.0011834511936952166	-0.0005492493386549682	0.0011631510430127367
m824.000	0.004933945286720206	0.011814746322191321	-0.010520841530962105
m825.000	0.0032506047731745914	-0.0009289046022557259	-0.0006280347078655757
m826.000	0.0007838775688244652	0.0011222912421713803	-0.0022923236553339674
m827.000	-0.001860746010703034	-0.0003637231159450748	0.0035301826486205056
m828.000	-0.0006664061040511399	0.00020044267522890876	0.00570854484284738
m829.000	5.3085585599570975e-05	-0.003091167049586695	0.00044852377672019705
m830.000	-0.0015332080354431268	-8.66124754802857e-06	-0.00044850469575268806
m831.000	0.00038351868048728323	0.00048263544096687557	-0.00011873676553295731
m832.000	-0.0007715432644425887	0.003368791846929281	0.0008959258871959934
m833.000	0.00015041993878172927	-0.000281797147344749	-0.00040175811395948437
m834.000	0.009451620723241795	0.006001682147243973	-0.010084861527498996
m835.000	0.01239807192945094	-0.01564090297406179	-0.001977780864036426
m836.000	0.003244118931439132	0.0029811313557735453	-0.0015876916965195508
m837.000	0.004449762500180289	-0.007430090523912578	3.0767791008009505e-05
m838.000	-0.0011836516848126085	-0.0012451380538081756	0.0008028509166855016
m839.000	-5.1832297472213936e-05	-0.001376271804259344	-0.0017868141594639334
m840.000	-0.0032838440163309554	0.002769194230161768	0.0009842183677558807
m841.000	-0.0011106901703201554	-0.001202258047974532	0.0020863280406998703
m842.000	-0.0008334583477453771	0.0012284941039724447	-0.00040627447554708146
m843.000	0.0022555366055639456	-0.002639095551126348	-0.0038606336850216887
m844.000	-0.0004577134654630711	-0.0017957241045823233	-0.002095696157128223
m845.000	-0.0013273242886287764	-0.00042880452347955373	0.0007683578062746052
m846.000	-0.00108273795377541	0.0018798864000876272	0.002386056224126234
m847.000	-0.0006235505370543598	-0.003753741160279394	0.0008309226536492681
m848.000	-0.0019045527273728756	0.0024384949948472556	-0.0009306151579205827
m849.000	-0.0008933076588627218	0.0004974597469028606	-0.00045034140375218754
m850.000	-0.0030121175901768283	-0.0009362293809245626	-1.0298527264041337e-06
m851.000	-0.00028406824537223187	0.0012024902347384963	0.00198890742573227
m852.000	0.00038183831034936997	-0.0013544353359437994	-0.001206472719666548
m853.000	-0.0012189946192725852	-0.0023696197078633737	0.0003255350798218157
m854.000	-0.0008816904708970163	0.0013407033744869351	0.002050220003205625
m855.000	-0.0008350176669354593	0.00011345097671441945	0.00016141214602394618
m856.000	0.0	-0.0	0.0
m857.000	0.0	-0.0	0.0
m858.000	0.0	-0.0	0.0
m859.000	0.0	-0.0	0.0
m860.000	0.0	-0.0	0.0
m861.000	0.0	-0.0	0.0
m862.000	0.0	-0.0	0.0
m863.000	0.0	-0.0	0.0
m864.000	0.0	-0.0	0.0
m865.000	0.0	-0.0	0.0
m866.000	0.0	-0.0	0.0
m867.000	0.0	-0.0	0.0
m868.000	0.0	-0.0	0.0
m869.000	0.0	-0.0	0.0
m870.000	0.0	-0.0	0.0
m871.000	0.0	-0.0	0.0
m872.000	0.0	-0.0	0.0
m873.000	0.0	-0.0	0.0
m874.000	0.0	-0.0	0.0
m875.000	0.0	-0.0	0.0
m876.000	0.0	-0.0	0.0
m877.000	0.0	-0.0	0.0
m878.000	0.0	-0.0	0.0
m879.000	0.0	-0.0	0.0
m880.000	0.0	-0.0	0.0
m881.000	0.0	-0.0	0.0
m882.000	0.0	-0.0	0.0
m883.000	0.0	-0.0	0.0
m884.000	0.0	-0.0	0.0
m885.000	0.0	-0.0	0.0
m886.000	0.0	-0.0	0.0
m887.000	0.0	-0.0	0.0
m888.000	0.0	-0.0	0.0
m889.000	0.0	-0.0	0.0
m890.000	0.0	-0.0	0.0
m891.000	0.0	-0.0	0.0
m892.000	0.0	-0.0	0.0
m893.000	0.0	-0.0	0.0
m894.000	0.0	-0.0	0.0
m895.000	0.0	-0.0	0.0
m896.000	0.0	-0.0	0.0
m897.000	0.0	-0.0	0.0
m898.000	0.0	-0.0	0.0
m899.000	0.0	-0.0	0.0
m900.000	0.0	-0.0	0.0
m901.000	0.0	-0.0	0.0
m902.000	0.0	-0.0	0.0
m903.000	9.90554343973541e-05	-0.0004162479750563525	-0.0002090342304615775
m904.000	0.0	-0.0	0.0
m905.000	0.0	-0.0	0.0
m906.000	0.0	-0.0	0.0
m907.000	0.0	-0.0	0.0
m908.000	0.0	-0.0	0.0
m909.000	0.0	-0.0	0.0
m910.000	0.0	-0.0	0.0
m911.000	0.0	-0.0	0.0
m912.000	0.0	-0.0	0.0
m913.000	0.0	-0.0	0.0
m914.000	0.0	-0.0	0.0
m915.000	-0.0009148998379568791	-0.00017708377740126708	1.2873015351260726e-05
m916.000	0.0	-0.0	0.0
m917.000	0.0	-0.0	0.0
m918.000	0.0	-0.0	0.0
m919.000	0.0	-0.0	0.0
m920.000	0.0	-0.0	0.0
m921.000	0.0	-0.0	0.0
m922.000	0.0	-0.0	0.0
m923.000	0.0	-0.0	0.0
m924.000	0.0	-0.0	0.0
m925.000	0.0	-0.0	0.0
m926.000	0.0	-0.0	0.0
m927.000	0.0	-0.0	0.0
m928.000	0.0	-0.0	0.0
m929.000	0.0	-0.0	0.0
