Mass (u)	Comp_1	Comp_2	Comp_3	Comp_4
0	0.022345145894790124	0.006422393473469495	0.003907776632089253	0.012452459950257627
1	1.3021682398587688	0.652544462470737	0.1977227827985437	0.2044315218945274
2	0.015620596175996865	0.007009770772542324	0.0022937679704781353	0.00453013969590037
3	0.0023097981809268925	0.0014065404962520292	0.0005181182955067494	0.010324922461351178
4	4.8539858151742934e-24	2.989561877852891e-49	0.0008486336103421886	0.012956713562141177
5	0.002335420062739481	0.0010282956042680074	0.0007081047024342701	0.010061125137530241
6	0.0033532506116852726	0.0009748064263201847	3.6346918404068904e-25	6.682941600399668e-300
7	0.009888768192551857	0.002759506882890666	1.9487053910433518e-09	2.0326296655220017e-07
8	0.0022909695055102243	0.0012795354953931029	3.58373722405502e-31	0.0022192690307401507
9	0.0010467582350066913	8.958805953680593e-05	0.0007415084864169297	2.947790846834578e-258
10	0.0010402466734359247	0.0006913432236408666	0.00018127228383655973	3.262477312814195e-233
11	0.003007401816685688	0.001560822590257415	0.0005438682029189011	4.31182920454568e-283
12	0.5479245152821342	0.11007069561274614	0.05689908548077152	0.004733459372175869
13	0.6113582038590727	0.21378956915791616	0.07695381537973048	0.035221595771899664
14	0.155079079373001	0.09668837712483362	0.021318162825596832	0.040518068275242174
15	0.030274461684969525	0.03835329827123024	0.013160274915813258	0.010481637119559304
16	1.610385719246647	0.3192892185853007	0.05930804952675075	0.03219319157160955
17	1.012622290104453	0.35902651606059777	0.06294019095968105	0.14791179491934092
18	0.0762510964300755	0.016797688870436117	0.0028663601649907677	7.497179484356397e-05
19	0.6342039842869283	0.05563565465614703	7.134024763636113e-08	0.019639638862812423
20	0.006071621067522795	0.0015924099669360357	0.0008518142736087801	1.27669644680761e-22
21	0.0038622935327640574	0.0010185488387658879	0.0013546750495322722	9.110572509985501e-42
22	0.005841770441975835	0.0012861614830776546	0.0013518479562608003	8.18800546666112e-49
23	0.006054300031456721	0.0014615436972403263	0.0010672176828577019	0.008767581116884802
24	0.8614883410358356	0.11130553468063727	0.09849568599361837	0.001137490891398791
25	1.0965121885135558	0.2752759938235893	0.21633763061182834	0.03073635680615737
26	0.5588154731137389	0.07493713118076267	0.05316836943861184	0.22198617531004064
27	0.07085685054476513	0.06162264617955062	0.03291096871931343	0.034723925482367926
28	0.19470744192621342	4.827882272178715e-21	2.9511807770967195e-28	0.005809471850077094
29	0.1567549742796144	0.016390089719314018	0.012690156230185561	0.013489547626278261
30	0.06973713520361671	0.0023326497854376234	2.2414172962410385e-09	0.007681878384815479
31	0.0477310081957514	0.013859854427294156	0.00587653598396753	0.007014997155250735
32	0.20323467432472328	0.059903863617748195	7.742771515908071e-08	0.03513071147461761
33	0.07411141107295932	0.04485749559719573	1.153705543605311e-15	0.049788029074496046
34	0.01804893436765531	0.009994673055450537	1.4815033197341358e-15	0.010561414838372692
35	0.10768218920630594	0.4188449087959703	1.317805395519506e-08	0.05471130415669124
36	0.37090074548535823	0.06720466526567329	0.06634679424998821	0.016420425527874247
37	0.2331531053894255	0.2414533120394414	0.029587825850342524	0.04051602169370619
38	0.15037279042677262	0.07564952631917544	0.05670293673645978	0.0587613432246865
39	0.08315817203449033	0.04877308117493934	0.05544934764100668	0.03376543100461046
40	0.2382230874167163	0.07699978157186123	0.04995526114547393	0.01819085964151277
41	0.2742172137095176	0.1743011649926635	0.1708179310505937	0.0666359487353935
42	0.16083853842086085	0.0705870845383703	0.03315206204980371	0.10198759328500275
43	0.11601461225258727	0.1597660131986052	0.06185953905881486	0.030651348911058078
44	0.06825805504382339	0.03744248530757644	0.013677264608747521	0.011367723715634319
45	0.13666985557917033	0.11640616530953454	0.14720647016977798	0.047743889078133296
46	0.029077306853003353	0.02179710190327686	0.016053021080870204	3.3424026471435687e-10
47	0.04482518401141984	0.01860204748625978	0.007988241914621193	0.015239293006040912
48	0.43825841431994017	0.056181611648646636	0.07300437887690367	0.0030388764223511135
49	0.4699535487217604	0.12467224029213632	0.18752658256623952	0.029915590388035294
50	0.1859264390554551	0.03885541478253069	0.053633867303816925	0.06545182988655623
51	0.08158794996978688	0.07199489214621758	0.0617550064351987	0.03055486044681015
52	0.11287018127546551	0.03495442792894697	0.03589205700950093	0.020023603169290926
53	0.09920045050577246	0.07424099058719934	0.08096671700175304	0.017624229508590866
54	0.0348588342581091	0.025568455191457916	0.023684998603847287	0.012725799705145136
55	0.03466424737009782	0.04172499378485466	0.06097295645973457	0.027585041068882564
56	0.037391158027432224	0.01574544033100573	0.008056892639093888	0.009235198322447236
57	0.0406725661804973	0.035478693881338355	0.02137839633703249	0.0017375957299684826
58	0.02931455276742373	0.059005628205744794	0.016977169234826082	0.021330336832736184
59	0.1301986024825241	0.17764746255983377	0.02631392532092791	0.0006878887602817954
60	0.7449004964110948	1.7419793674670914e-08	0.06544261556235921	0.025044633480521376
61	0.4335317358793296	0.04029806434797424	0.07265152289342026	0.07717733906993884
62	0.20188662097890184	0.043367970143076626	0.07269495904113474	0.039880138872354504
63	0.17115656662144973	0.04250457675448713	0.05452134202228522	0.028620629208849818
64	0.09183480898872763	0.06499130848300491	0.015175244860073923	0.03270117652252605
65	0.12328404972336862	0.08186000816620852	0.11803929028363849	0.03024115889286202
66	0.0596986344404074	0.03548561208414381	0.03914378099722211	0.036950511126879144
67	0.05302423881752067	0.0859416996996425	0.0850094744280955	0.013462102674848613
68	0.06773782454097475	0.020409927272505846	0.023645172019110726	0.012675581558175688
69	0.09758867741885997	0.06485831566783389	0.09216229979146	0.001718640507839738
70	0.03541913259900624	0.019063001798780826	0.02039844157755486	3.2752042603484326e-05
71	0.029026964182392128	0.07709714217320882	0.05047903818149644	0.021045544272223864
72	0.2744920414930755	0.024057247424210948	0.05960334615316607	0.004503792012161835
73	0.29639426826863485	0.06239946941567374	0.13166841637373028	0.01614694848037993
74	0.11782050033997879	0.02259048006500444	0.04582622055240773	0.0405107312594041
75	0.07426333733164905	0.05819210079492392	0.04638601329550317	0.037380886689949995
76	0.6449162123614463	4.0228567154844327e-53	2.138947244541542e-42	0.0025319856589197626
77	0.671386483518007	0.05167729968661509	0.05689963078378581	0.09545300899011165
78	0.20195969723149312	0.01572933294295042	0.015915302276325625	0.026982211295275227
79	0.24301964269254261	0.0386575307060343	0.03319916244988645	0.040727154633687146
80	0.0585075770139321	0.06426711881173508	5.514539665528832e-13	0.05688258828682028
81	0.06391915857963124	0.05040740205708078	0.018216289185190377	0.024161382083805603
82	0.029245912731365356	0.022875598081117707	0.019745072991719195	0.015904422394954116
83	0.029598134003836124	0.05999629468523308	0.04753465084161996	0.00935008876419387
84	0.17181547990099713	0.01863725972307418	0.046972737940970344	0.009511424097206735
85	0.14863686310825328	0.04182440567499969	0.06676876282565336	0.00946825738526336
86	0.10577734967627987	0.02943953572081776	0.05808457091273771	0.03990398996456007
87	0.06632912420390956	0.04281989292227277	0.049503431636074215	0.028423778890964257
88	0.04687160685554092	0.018281895893491617	0.029156917138613014	0.01856589278599033
89	0.0699235434044516	0.03767258787775627	0.06166029259189298	0.010457432441845037
90	0.03289675344187723	0.018630483094202677	0.02462168911883868	2.0814234687803504e-07
91	0.028273753740554904	0.035746072099784455	0.048891431982838934	0.0275408962512496
92	0.035094393454189764	0.026498717163520334	0.0194100372834085	6.335843494156032e-13
93	0.03873560911539575	0.041836437234619474	0.048739789717295486	0.029052548572854206
94	0.020291704547216224	0.027263968351849584	0.012476493919708601	0.006526264120887728
95	0.029448528533012407	0.0632413955389405	0.03633220889773247	0.012557258514196683
96	0.16885154111631767	0.021260217977880563	0.030223506003493	0.02156281493524455
97	0.1937201255180288	0.05251035926840338	0.0651201845174328	0.03179130373426433
98	0.083636631219582	0.01469599795296213	0.03125627129897391	0.005205070429754268
99	0.05253913123316615	0.03156846316009554	0.03855905372572858	0.013657363919860341
100	0.04752243607217677	0.012960734940884518	0.018210496474696827	0.018357061300055804
101	0.0820369924631608	0.03304566461660204	0.04317735936506415	0.035384687507974896
102	0.04096613224064401	0.03867404520074312	0.015241007630871389	0.014322046182884298
103	0.08877725867840211	0.07845219935026738	0.05186707475097044	0.0005410344542994341
104	0.03913353326440221	0.013545470918882911	0.019999699327469592	0.03454152406626657
105	0.053184837713278955	0.030229216409915962	0.03189015693993981	0.02643360655667147
106	0.01885411008880502	0.015540763441587177	0.02151075756776976	0.013636565155613591
107	0.024770200768230343	0.02472125488018261	0.031789279039819346	0.0065335434942218
108	0.10577065017141792	0.01150352122431109	0.03492500155071135	0.000555430405260845
109	0.099533634683323	0.017795905585612764	0.04797001607974886	0.013032922609496123
110	0.07208708564264872	0.014611643596290157	0.038194369932657526	0.018056978365744953
111	0.044168629150826304	0.025319599106547835	0.04269759054770925	0.0369874432948572
112	0.03561545017928939	0.01652596356681839	0.020890527338606864	0.007059288741799965
113	0.03868618845925615	0.03912969111673341	0.0355312973337341	0.015302956709636646
114	0.017928897415498416	0.014597991254955025	0.01859202790264564	0.020706576740018627
115	0.020536631084554138	0.030454811093457598	0.029434459797354467	0.00900575609867395
116	0.02097320684606027	0.016756868280554806	0.019757235618412573	0.011420103510088708
117	0.05283989236648798	0.02941447551722983	0.03468721987623058	0.0001091452814146375
118	0.037584007316199694	0.028778224051060095	0.014351601065302049	0.0403843290085816
119	0.17013776943142064	0.14558051410687478	0.060280163212518854	9.090781064103442e-05
120	0.15660205014730944	0.009302716943785604	0.02243992435419177	0.01879703428331684
121	0.16639755461619013	0.049283183814004726	0.05698088928954879	0.03798672766094923
122	0.07293338973125993	0.01695637086697035	0.02178150598294553	0.016216629683742965
123	0.05668825040253702	0.025475727617034462	0.02868248368866952	0.013447755412755155
124	0.02558253237143153	0.015197459465845206	0.013964717166044452	0.004967228988919507
125	0.03199892988396931	0.02038460658869834	0.027868169086869215	0.01074826547590719
126	0.016323100483380634	0.015432430649737624	0.01602365041818191	0.008997582479882986
127	0.06860827234980657	0.06402513913106145	0.0436828392986056	0.03266515777290174
128	0.01774374941475596	0.014226761610146655	0.017162829891175953	0.008101211816603943
129	0.0277916635097233	0.033415226816305675	0.0384851894737326	0.004637252538234579
130	0.015230160757730793	0.017599662024675868	0.02261545666795574	0.0048966581340447145
131	0.02293351122957531	0.0369858546147731	0.034716643020153905	0.0004916281176343234
132	0.05339071973207315	0.01519290085631236	0.022964209705630304	0.0018738865066333101
133	0.06242911276897986	0.02979368429981797	0.031228707169249942	0.016032732197041988
134	0.04928472552171215	0.03350391300211829	0.03756069252529982	0.019702109308943644
135	0.06417698385632228	0.03953386114043076	0.027199230135678244	2.085400342506872e-05
136	0.22681248608208884	0.0029490086093500985	0.01957163300233052	0.021418494769118827
137	0.32983163735030674	0.05783608779760252	0.0511586397366337	0.06969572512865292
138	0.1294314771345458	0.005828840475269756	0.01569084971603374	0.011695986198257029
139	0.13390899985393678	0.03878426202586973	0.01575676045632153	0.0362317882784581
140	0.05135222039675001	0.01788860130919468	0.009903496499057357	0.008586814093220506
141	0.04488827091197586	0.027246904697400216	0.02214462792768886	0.01881783881080868
142	0.020533491641499677	0.015389755921103735	0.016029712779741495	0.00015679398336918533
143	0.027854170599848706	0.041169183843492704	0.042010884796986184	0.009988692338273004
144	0.05483382085709711	0.0125889621492325	0.020395726452307476	0.007243412188413931
145	0.08145774259097129	0.05031802388013504	0.04893707472188078	0.013498008678620322
146	0.039667806020207176	0.017186868887797843	0.0204654314227723	0.000989732852627826
147	0.063479251528802	0.037895869657302544	0.03857363093607747	1.0570323602663646e-08
148	0.02022412800639249	0.015856929079432244	0.01599775632955529	1.255185428438927e-06
149	0.021069872245203295	0.03583409466003718	0.03715775547978886	0.013018593723612963
150	0.013579121039833568	0.017747168284666895	0.015812019482322782	0.0019456029009833056
151	0.015444941242789662	0.02502219042234967	0.028328340229708086	0.006328251361316335
152	0.010849421352833222	0.019797683614454824	0.016390211573134618	0.019636764823650933
153	0.017310394879042314	0.024670422247081162	0.02702167421927265	0.008817100965894907
154	0.013393738391109402	0.020545837374007298	0.013970453062561656	0.009284088560614178
155	0.017467036527543185	0.05851379987128418	0.02636242730964989	7.093946781665086e-11
156	0.030885917487359065	0.017711532118303945	0.013781592021210076	0.009492208407894899
157	0.038404628419429314	0.04332400829180785	0.020025276803670836	0.0038703872873187637
158	0.03363642637302997	0.01641015667521492	0.02423632186437663	0.008663599624701895
159	0.026478647460910314	0.0243241360669291	0.027205806315044184	1.6611776871029523e-05
160	0.022595161372557408	0.01803773394401084	0.019103600092699246	0.011385454317577896
161	0.03453380309552022	0.06075940323438419	0.029342101744195756	0.012710864855762689
162	0.02855419980618053	0.02943158765219264	0.01869470483065675	0.01473817880050217
163	0.06685048140339085	0.057558418267970805	0.047447819738728594	0.0011994983419909091
164	0.02517373526162635	0.017851547740153254	0.014511633052991569	0.010929636441233528
165	0.029877915046607636	0.03132584690014729	0.029455932834347328	2.84815506135838e-05
166	0.016191847239701736	0.013996540549288486	0.01557559726185478	0.0069529746384984934
167	0.016972183741682197	0.0243455373854093	0.026483453922977396	0.012435996652942677
168	0.024662310613740232	0.013350708979605596	0.014143178963340549	0.004448660400474695
169	0.04853398205161623	0.027195900586965624	0.034613364706610784	0.0022931421103080016
170	0.021750410076126533	0.015193663726309373	0.016976836793161577	0.010192395407427874
171	0.02006295095637409	0.02819644882298189	0.03577617541965038	0.00853214866861002
172	0.010145436226244465	0.014734896860673497	0.01822627083075467	0.023351860497160884
173	0.014068255546405397	0.04517606966318612	0.033313132177140055	0.0025067421187868998
174	0.008276040333747658	0.01607602981280836	0.019175286109823844	0.025319584045225735
175	0.013566040401740217	0.03372130491442532	0.025851423486234797	0.0069866326185735825
176	0.009460700680039633	0.02482904941068171	0.02214710122155246	0.01860032611686946
177	0.014248706130236695	0.029533022248157636	0.02557785199618966	0.008643772301953097
178	0.025437897598593346	0.026027134786732752	0.011828876633679701	0.02307114686250233
179	0.1471244251158666	0.12187585222785327	0.06984768786134718	0.03382964370920069
180	0.07504336028276433	0.016360477026487474	0.017027491193425257	0.006737604503979794
181	0.07748029099396235	0.04442034609610066	0.03190040796688366	0.009528051959369266
182	0.036428677243157494	0.015471165418066842	0.018432184121048408	0.014582348207200184
183	0.03257741175611184	0.0316501036051602	0.019913851917327127	3.1366837183007225e-06
184	0.014858082055718376	0.016034842965671977	0.01697985995486486	0.018080899102940386
185	0.058441333773537475	0.025113510825806935	0.025702856396598833	3.9306212256939056e-16
186	0.016730151694888146	0.01670522081836412	0.019465568626887315	0.010348036840583804
187	0.019570878678724906	0.04004088292927409	0.04679719811612773	3.0744811326965337e-09
188	0.011085881408899977	0.020336028037220087	0.026668484094432898	0.0011533563379921312
189	0.016469776662033708	0.03647057222959099	0.03590930699992509	0.005740208093493984
190	0.01083933775822838	0.016404384013382633	0.017131979754601456	0.008719142649177062
191	0.013754735693538179	0.032526157250984664	0.031306542137613365	0.000721524252025053
192	0.014309075865760117	0.013999836930851243	0.013945544926234048	6.27606394168945e-26
193	0.025558851458709744	0.020926687996229622	0.021423966027976415	0.010216597135607542
194	0.019039381124913476	0.017301633208235544	0.014211507705200927	1.3099568265359387e-09
195	0.018273659386383794	0.0297197101369296	0.025337464838012122	0.012418907129835859
196	0.09950851240648191	0.012682132947999919	0.01349316885904963	0.018624075651924067
197	0.18037961264269328	0.050456881919109096	0.03633813976866553	0.057923521934329376
198	0.08264900871310889	0.010051658316793959	0.014459380727914422	0.013986913420153714
199	0.08352716492463622	0.036697058253088645	0.017631775866322186	0.030770891738501446
200	0.03402444133110353	0.014565676465008674	0.01462998153417744	0.005040226525949504
201	0.029335484221719686	0.024586358603726124	0.026645965870958604	1.2281697334829769e-07
202	0.011672724373605647	0.014334437427282186	0.014641810969535441	0.005734483553874723
203	0.015963728365594208	0.03437497200045648	0.03924843653527295	0.018115033001496843
204	0.017978692261272244	0.015204012831468383	0.015733804475294724	4.024951495398585e-15
205	0.026868991332412825	0.04615496935797686	0.040807990417800075	0.0001317306156461046
206	0.021560727373716473	0.015931202094919834	0.018712871426635646	0.005632140679989142
207	0.016844333103640544	0.030365463193779262	0.02977570879211717	0.011096496239123569
208	0.012032160823344391	0.013602426196578036	0.016973815370768	0.00856345687636775
209	0.018064761198658442	0.022581983727460016	0.021309624401471605	7.026461335133169e-06
210	0.012938809431221904	0.013834194535295125	0.0150631420412926	3.204083180303365e-09
211	0.012947030588865744	0.02311571104367955	0.027659989352624797	0.005059012430578238
212	0.009968527366057849	0.013902924772532957	0.014895329451891936	0.006475245721798692
213	0.02513533404168115	0.024449084803729763	0.029908651666942964	8.492855849016168e-15
214	0.01378624850642515	0.015244383052900603	0.014285970118326035	0.003214833879776915
215	0.012987249128027496	0.03864183979420226	0.024722492639653048	0.018467689604548584
216	0.011007155075471273	0.013241882682421336	0.01404423786443199	0.0030929530442822713
217	0.016568293847575084	0.029119188179845424	0.019728487283606076	0.009273139783704065
218	0.011476635807456757	0.014178057204263293	0.014326635296259563	1.2244922151960193e-09
219	0.011098801600353727	0.021575978152698332	0.02215435445524453	2.0471556562170118e-10
220	0.011562586467176662	0.020299394841878947	0.016173160480514127	0.012703371448784305
221	0.022339272150296945	0.09101121401616348	0.04368128928390067	8.49365431015926e-06
222	0.017048176532990598	0.026739138287251708	0.022718292341647062	0.010512235516210522
223	0.022508560039301146	0.06031171211533301	0.04933511800622777	0.0048172345942939865
224	0.014543664373019644	0.017363028649944812	0.01612384700822614	0.020839030447086935
225	0.017527123343387636	0.02657928961030873	0.024083121879974224	0.004174960595174555
226	0.010103670386379457	0.014384833395704226	0.014243667964454356	0.010070925295138707
227	0.010170794436496022	0.022617164136890147	0.02078716489745472	5.976365670200554e-17
228	0.009292865468321546	0.013790269924617267	0.014745428858401247	0.01191609150609506
229	0.013841054825728562	0.0342143443906416	0.04078106693677553	0.007545763939312861
230	0.012359885651470627	0.015159203373531237	0.018764342751693152	0.009847597779364455
231	0.013116478304817224	0.03055173364450126	0.03438754471987703	6.325553169684553e-05
232	0.010122674191015667	0.015189964504073191	0.0169734166959866	0.015863849131744934
233	0.014943353480545887	0.03197282083305704	0.026086637293203086	0.00555515707185786
234	0.010726792039746752	0.015036212705659881	0.01665925915050375	0.01945188639219336
235	0.01093029591345909	0.0250256819785126	0.021451274694873325	8.344508608989117e-08
236	0.008081404330751775	0.024123478121656522	0.019672552435004098	0.009880031346832756
237	0.01153856856485744	0.030694437356560616	0.028957437394715218	0.003987495313426634
238	0.02092017228871005	0.024725863534866003	0.014307175389352203	0.0027971226041140973
239	0.07669236492995796	0.09982765145933471	0.06525309348590909	0.022501009267571297
240	0.03930208931425573	0.01786866755516216	0.01526599773105783	0.017001082830303178
241	0.040717954188783885	0.040458027158694204	0.02762359961923108	0.006578037497051297
242	0.0206452906045139	0.016648472447449606	0.016079767818700116	0.001084370198410245
243	0.01686598004547406	0.026531833371526127	0.024692356713676478	0.001673464952527649
244	0.008790041463005199	0.014160468964584077	0.01488790213493575	0.007736659998878354
245	0.010485773829402176	0.031143865427829893	0.0343491615057201	5.10826080241223e-22
246	0.009107086276109894	0.014262020226577255	0.016593113370240435	0.003544580176457741
247	0.011473765953985414	0.040622571667444984	0.04621195429286868	0.0067372135234509386
248	0.007926529990270964	0.021925023689546547	0.021478605831264368	0.014068174627715816
249	0.01073175714164817	0.03375875726326094	0.03268809060192604	3.068614053675041e-05
250	0.007338011375759962	0.014545396207374757	0.016325423976423777	0.013638974289963619
251	0.014161854580032806	0.028177520572818505	0.02560478160058622	1.3615395338485525e-16
252	0.008804894691704396	0.01292673331693393	0.014291587269638745	0.01258828771936118
253	0.009543163559331564	0.025356104620749918	0.02959264081012513	0.01460435338879257
254	0.009796080746209239	0.01639388879169956	0.013238674344787649	0.010077711500683312
255	0.012983603108624921	0.030106914365220894	0.02894222267933102	0.00901092920660703
256	0.04462308022021709	0.013530216867359262	0.014554237300131802	0.011321119417702424
257	0.08667492774569285	0.054194964497991424	0.030985236516133694	0.03563584479755602
258	0.04860127182102136	0.01075897763222154	0.013240621494904152	0.003088799565573235
259	0.04746184445409365	0.038374920456170726	0.020185498694623837	0.03274765945241483
260	0.024221751106895468	0.014353056194075233	0.01703761592953344	0.001753875092095461
261	0.018445820705738847	0.022373189532739736	0.02735183839897479	0.01956290061876381
262	0.010542648272188815	0.023787071521456163	0.01761007548958787	5.837921036525205e-12
263	0.027462589587053093	0.051740257245118784	0.03017355469180292	9.13578810685788e-22
264	0.01152238387367736	0.045248160108625146	0.033152090159587325	6.355249267502297e-17
265	0.015528166929942126	0.05721178338098347	0.0530016450237962	0.009375386727831515
266	0.013355884961767817	0.020730270730369323	0.018901919841481284	0.005470257162409486
267	0.011915977214461458	0.029169276249405688	0.02707276482981591	2.6234504609249477e-15
268	0.008260648588586793	0.014606069803278469	0.015112884673959782	0.005840664745160007
269	0.009944702051519856	0.021419687537547524	0.021974547132179945	0.00016641487493136952
270	0.006068733936397799	0.014295055384578342	0.014853512817265503	1.2535143663004769e-43
271	0.007631290654380605	0.0264186011359529	0.030976005746708907	0.011854068337669462
272	0.005550137449268923	0.019052512731743663	0.023903736925286904	0.026932441322227486
273	0.006853643894191867	0.029516427618894274	0.037418728057168865	0.01607261804151458
274	0.014275960297639482	0.014988429597058806	0.016571155827920337	0.004617024591132103
275	0.023264262525673894	0.03316437582731575	0.020797225690335933	0.009742548678312176
276	0.013834141689463729	0.013328928756807695	0.013420892594421297	1.8371087426966e-05
277	0.014604604107137707	0.027744238629175286	0.019285799469816237	0.006939602925180114
278	0.012261359149971349	0.017431252051015117	0.015145712436496683	0.007853460135787313
279	0.01019409256358749	0.028078635594569887	0.02994070949786151	0.013262359524199328
280	0.010608241004317438	0.04073201373067673	0.018733626306775105	3.430968772672792e-12
281	0.019511438871231863	0.13320107524076025	0.08125354687403835	0.003920105485086197
282	0.01206044832503975	0.03010331971166214	0.020639748284963268	0.015547078956407716
283	0.02635145596702254	0.04848923907369077	0.03040249723859509	0.004394952848396014
284	0.011955623597561488	0.01944333767017554	0.01564753591142391	4.338399952342313e-32
285	0.014498459680910175	0.025419771516503934	0.02338764180535121	3.9304133132981836e-06
286	0.00818452328967273	0.014691341289238954	0.01537183722403521	0.0022981923403852735
287	0.006203337680758391	0.022085095138558095	0.026114424862241907	0.00636610597175155
288	0.007416409605150325	0.016921025461605118	0.018388036079486622	9.624871960387085e-06
289	0.008200475066356008	0.04640670244623888	0.0563982650716232	0.00461365976258022
290	0.006686113649518142	0.021103114040167018	0.021118947519535837	4.397582880816103e-16
291	0.010196139901919386	0.02692847236148727	0.028888937902318893	1.0995298519190217e-26
292	0.0076594812462394725	0.014727794115916635	0.015433514805368372	0.002577825851768083
293	0.005029195832017486	0.02431425958357434	0.021783843519269354	0.012463238491544012
294	0.004966572744329914	0.014129540178736476	0.017039719770219227	0.0009639739579983716
295	0.007383820431101783	0.025265572785425783	0.03128527354780518	0.003631531794186281
296	0.006885270548072416	0.01683663940337745	0.017034179683445845	1.5324293716468687e-17
297	0.007271448718645487	0.02813718383532804	0.02966607104559413	0.01014101758112603
298	0.016726607860065235	0.023715566959496292	0.020153407832425148	0.017333494788440547
299	0.048525660807544564	0.07278983033280997	0.0369894676963279	0.01730392351135241
300	0.028195961533225126	0.018571133138514145	0.01598760822229798	3.537939945973745e-05
301	0.0264124123276705	0.04408205109649624	0.02199994535190355	1.21973234502484e-07
302	0.014444941639556843	0.01560029703822031	0.018967977925162298	0.012527259491983122
303	0.011622629859097301	0.02232687782165579	0.02575039662870732	0.009898728537158525
304	0.007141593623136859	0.015039699082004294	0.016695296402692305	0.0036354752344826546
305	0.0077284646698794375	0.029916606478936406	0.03375787162830791	8.43426005700305e-12
306	0.005357553113781437	0.023763085250586263	0.024515164360502904	0.017641772234274045
307	0.010802442324826887	0.04460928344581928	0.04200265262093282	2.7005765967034405e-19
308	0.007565449803632932	0.016728984404936604	0.01997228376955097	0.014313222969192187
309	0.008330068283713162	0.025890845790053945	0.026412326093667025	0.002679560811653164
310	0.007694801281028154	0.013651729899533688	0.015336705964296846	2.922297562577715e-09
311	0.00698311866033585	0.021111384310363072	0.019113735879876276	7.165016993124305e-18
312	0.005604318717029374	0.012704938551470823	0.014166353244240324	3.901510819093895e-34
313	0.012608476096145009	0.021317169596244537	0.02620085754911576	2.1845380290459432e-26
314	0.007792826345809457	0.015034956646701477	0.019279704617165973	2.5007732679769486e-35
315	0.008534898521059384	0.024623426647780715	0.029748367501501886	0.007609905372809821
316	0.027357839810931903	0.017090501087071552	0.01596546373161713	5.669156108050881e-05
317	0.05349383867668792	0.03182278358260935	0.02044263883038938	0.025741390164618412
318	0.0324059859549727	0.0128826430203595	0.014414608036637303	0.014757651846971358
319	0.029662174172160334	0.026837396465876094	0.018226493357114636	0.024539875493476544
320	0.0175186800133729	0.012853559558610695	0.01715881496201718	0.00601919482689087
321	0.012888473844155895	0.020424715720243618	0.024517493005895886	0.02473509902061152
322	0.008363199277023366	0.060059282960005095	0.04116937821299044	2.668190935878869e-08
323	0.00981722228020541	0.11829126989410728	0.06804478779637567	0.014032045900023979
324	0.00847991784475699	0.027207229281584866	0.02332763569929963	0.016160449116580183
325	0.011185996334282336	0.042780168746780915	0.02903546063626914	0.016283987071652385
326	0.007219222664902679	0.016475042441500727	0.017623991803449958	0.010518526327020534
327	0.008471414667496388	0.02285488018714593	0.020797021498713406	3.5806645481294627e-12
328	0.0037882390972987044	0.013824528906652452	0.014838961104285136	0.01226393147053412
329	0.009681925908109497	0.01799803627798831	0.02166337980373128	2.1808077902854775e-27
330	0.005122077669298197	0.020627850525820904	0.029223606904410435	0.01288211017398536
331	0.006636193323169599	0.042371007437688096	0.05132749563259557	0.004944668225748726
332	0.0038753910931085475	0.01788310621827648	0.020679646861722217	0.0014209481877802523
333	0.008672491369952481	0.02360163390905218	0.025329980002754333	2.5602165681047688e-55
334	0.009578221104936153	0.01442789497577219	0.017407256405980762	0.005286299681787779
335	0.01276976677608988	0.021311540342065453	0.02019373786386296	0.02054939602872019
336	0.008876591475956696	0.012444579001375461	0.013777554894935071	0.008623981152821399
337	0.007506605415297939	0.018892798242573873	0.018630856029041024	0.01633128498064623
338	0.007669138386148671	0.017056245810430904	0.01958649147574282	0.005836965920408793
339	0.008225505663945516	0.026602295885150687	0.02900059395585858	0.005579078225072295
340	0.008498018415762478	0.0416885767434131	0.027983559098769876	0.011931932720604992
341	0.013361208636290891	0.061471000390577714	0.03731182934962197	0.012136735232367319
342	0.00829233134069474	0.02877544807582782	0.0202075331354112	0.010156195555119898
343	0.012227891682864016	0.03633548877646582	0.022729040223115355	0.005806620155977807
344	0.0070655606217579275	0.01871412002534623	0.0202759091516764	0.0036595236047648623
345	0.005902650759597916	0.021350697708699972	0.022570924171384867	0.010905749179575888
346	0.005168096246301067	0.016393118115863005	0.02176608385965995	0.017796511235414397
347	0.00538046378746909	0.02770243898126842	0.03158180009134235	3.1719253864625763e-09
348	0.004109234795668008	0.022260716365654784	0.02446761712412189	0.0037368712588101466
349	0.006253235213857787	0.0323204074632175	0.031834904272829215	1.591975114522172e-11
350	0.007623295014629008	0.017998497886875717	0.020741161190571455	0.0005747229021634391
351	0.012357703661743501	0.023013042106818607	0.02520471110553965	6.578687916062841e-11
352	0.006725829653729643	0.014230225991125832	0.017415876759804275	0.0030192754498921254
353	0.005302107366563864	0.01871080893679261	0.020049033886513783	0.004467102434873201
354	0.004638276967484072	0.014465680900284052	0.022087130727843268	0.01229055461117983
355	0.004226952753139891	0.0218342798600623	0.03000430827980766	0.006840863261255715
356	0.0049104263442307184	0.016072977615056383	0.02055455761562854	0.01631071745397669
357	0.007460607567668784	0.02340035587428914	0.026069099764551476	2.5509560093145033e-27
358	0.01731989975551708	0.021755869300666593	0.019699879857182544	0.015974959516334947
359	0.03196739606069042	0.035804335768065146	0.02493294331393771	0.014955312713777072
360	0.021348126770637483	0.01732647072153781	0.01446248229310589	1.995267453045006e-12
361	0.016753079603833737	0.0253398853184062	0.01772228338899388	0.015345554415913093
362	0.010176523586576593	0.014828567732387032	0.018318169575590196	0.0024014501421472266
363	0.006954276907547758	0.01962090041742843	0.023676508128836555	0.003882633125872371
364	0.005193806185803874	0.07759339498795052	0.05694641045877463	0.0034051677339444184
365	0.008939923711685987	0.11957446027622608	0.06414971516062141	8.374378559178894e-12
366	0.004082597748271192	0.029726484964653858	0.02802839445838616	0.010258950287348585
367	0.00702424989797854	0.03378132780156721	0.02912980045358486	0.0034849555092579857
368	0.004667068543111773	0.0191477790210994	0.020483161360320783	0.005926841810726754
369	0.005660432116910835	0.021958706748111095	0.021386514787264155	1.8971417490493117e-13
370	0.003784073246661382	0.014429963874537826	0.017853773061188783	0.01560807277515288
371	0.004626936260468948	0.017264618698841893	0.020208613497883304	0.004806166316070532
372	0.004012277509381143	0.02778522455237655	0.036351721014049126	0.004735092912318436
373	0.00427299189306048	0.04031523911019214	0.048583035171452085	0.010690413925146424
374	0.005712855136270253	0.01837905142384584	0.023022376134904782	0.00045496792911486276
375	0.007117432981727966	0.020427834649046232	0.024813655102619857	1.2275202335958318e-21
376	0.019537047032718583	0.017568202457953326	0.01899724599728316	0.009605777129345823
377	0.0352062108634944	0.024772535885220253	0.01981390413066495	0.00029415928647336884
378	0.022069460609140147	0.014700964050574746	0.015890403037896267	0.005068394849203174
379	0.019133444288779503	0.020468115093411367	0.01958854501452535	0.02478045297527721
380	0.011979044427645136	0.01857098491924719	0.022369920632141084	0.010463026853504932
381	0.011440144790380642	0.025738156832340185	0.027449001574832498	1.098083387362273e-10
382	0.006923866711753188	0.03574721606528574	0.03114702861436632	0.0037439438268089854
383	0.007942348962380033	0.04866424160342094	0.037339083747782435	0.0021918501807061644
384	0.005541727526720967	0.026728963085168114	0.02196226413903739	0.01998407843141597
385	0.007978162527343602	0.033292942575577	0.02529618316130454	0.0035966462283440162
386	0.0069682557264708015	0.01903437407204766	0.020802543301046986	0.004432348658987899
387	0.007204571692500167	0.020950190256472597	0.022153144923631452	0.010878512223593569
388	0.004700734492603277	0.020566961001417618	0.0266020693390335	0.008414873568425522
389	0.00573717197543019	0.026270953808705973	0.029356674982794165	6.195320575483711e-56
390	0.003073373487447456	0.016698341423992458	0.022447987593696636	0.018335634037022697
391	0.0025542792330985344	0.021455639546143948	0.027232422233223814	0.02993687657382185
392	0.004224745355605705	0.018470400702574247	0.021357648861426347	6.066927106911083e-38
393	0.005813597128052404	0.02069586574986383	0.023586104522639158	0.013991995190944857
394	0.005647624802116763	0.014716059287238807	0.018391252537962196	0.010190688797782727
395	0.00796976502425991	0.018340901676401088	0.0187186929683731	0.00014567226404199333
396	0.0054617698086949105	0.016868667443497732	0.027180028471747306	0.015683331126567352
397	0.004430520817570244	0.021528054038571366	0.027798236260708067	0.015506302445104904
398	0.0035405121947250737	0.015587311798522763	0.02086304088979405	0.01143722300960156
399	0.0065051171411989	0.019741977687153668	0.0208661888762819	1.0919027754317313e-14
400	0.009449183899007394	0.03298329372843381	0.02465278226653991	3.822254729966293e-12
401	0.013295909125566647	0.04573956262741579	0.02857008282443425	0.00778687642166871
402	0.007751134665397335	0.02235590660546149	0.01792987243591694	0.01661008722044179
403	0.007669683757730129	0.030452683373892397	0.01909153569605154	0.003470981370564273
404	0.006780086610143306	0.01665547977642834	0.0199824082910046	1.4747438179610176e-17
405	0.004493778932412256	0.01679983831023134	0.023176964157012446	0.029172077368182295
406	0.0042007521188895105	0.01437415316085353	0.019897670263827483	0.016749635664495215
407	0.004255255798659133	0.021347001846679804	0.02380275687671273	4.2509664387582933e-07
408	0.0024786570449119158	0.03181375014827276	0.03350109225852026	8.386749940380731e-07
409	0.0023441424777912627	0.03533607322019424	0.037583998843893664	0.009376762587771486
410	0.0035753371311140598	0.017333268386611984	0.02045137405631222	0.00757164584380124
411	0.0046617950301204355	0.019308971547869848	0.02000679337655542	0.005965870516313639
412	0.0014619634855672513	0.013506695146717271	0.017983705964128367	0.013296841502368345
413	0.00386569366487735	0.013567972227438024	0.018695548352450915	0.021211000342787674
414	0.00396922040583312	0.013980772488910727	0.018368682650515035	0.0010867076852294087
415	0.005495642648240937	0.017060329115688607	0.021728730315916267	2.892516290468776e-31
416	0.0015681897590988654	0.019051219965617462	0.028892425985611328	0.02895558669239505
417	0.006691192736587416	0.019796786775334876	0.026724995479344732	0.01072189329463201
418	0.016403409860925408	0.02130396866401784	0.019166948618574712	0.017622880062226863
419	0.024650049922063023	0.027473456341158168	0.016960050225840257	2.387973125400632e-06
420	0.017269915525504508	0.018032886486479424	0.016785911306888005	3.5437745459251845e-12
421	0.012964975606238759	0.02205603714390035	0.01708075373131451	0.023163258187599133
422	0.008845462882528925	0.017385183775527134	0.01976619380945666	2.591702958331986e-18
423	0.007922736653164713	0.0191871729703204	0.021016981153804876	3.427865454229863e-22
424	0.005699552590505503	0.06569676536079085	0.04391238369106137	0.00981531859071228
425	0.006155144794551685	0.11159250707058026	0.06955354855714646	0.0001275489343322276
426	0.005518053158167574	0.02877497520825721	0.022858588384807914	0.0038925714735033486
427	0.006997594250083777	0.03807622237163982	0.024591673149528395	0.005549326979206445
428	0.005524504259526682	0.01692210210542785	0.018782702913582756	1.2899866588631383e-31
429	0.004380014484609761	0.018178291270975533	0.018935114088992483	0.003231162081427202
430	0.0046729220715682	0.014070926854131294	0.017937693510290426	9.042116709764535e-15
431	0.002610846775094858	0.013899174737678396	0.019550506883217317	0.006901272277633604
432	0.005591297598771125	0.02337082142059918	0.0341813379071434	4.7221305085040523e-32
433	0.004481059043353654	0.038329251601590564	0.049885213210896534	1.92559923953826e-37
434	0.004669730517640937	0.018612792728913606	0.02176916420240661	5.2663013294489474e-42
435	0.0036040256066756557	0.01928154355045784	0.02191368905462117	0.015606509678313335
436	0.016974527188209552	0.014477179278077484	0.019031915705668985	0.002846968473030933
437	0.028274621327900835	0.0130745369933293	0.016435429389159397	0.011994611623647079
438	0.017636844171850276	0.01105010046902814	0.016228560981875927	0.0178647532549331
439	0.01765836398798603	0.013795468239205714	0.016332779037177732	0.00519064339733801
440	0.010820946063571136	0.01840996254800098	0.02556441567209291	0.00023343276797060936
441	0.008795982853786846	0.02148562679532145	0.027435383896267686	0.005847693178774296
442	0.0068309987468929126	0.04607367726409801	0.031453769453397784	7.1127496449726635e-28
443	0.006759273123602226	0.052730458743005824	0.03074553682931351	1.7551253972856475e-27
444	0.005746237805445159	0.02937247972151275	0.021175679422500707	0.0069263455247393696
445	0.006548751880820863	0.03186628252846708	0.021431699561999386	0.02030200190431943
446	0.0051540847615498455	0.018507524878188224	0.0208122530604522	0.012016254744661165
447	0.005241650109774237	0.01684356800274157	0.018390834615006107	0.006412361315138304
448	0.006051275018687888	0.016622802067680128	0.023127818113791065	1.9521588823224452e-22
449	0.008064288896339158	0.021354273211289004	0.028164001281737256	1.714932512351885e-33
450	0.00540411850215298	0.024873118508397487	0.026061613178171798	0.0027068420446532382
451	0.003519569091531258	0.030949248962921425	0.03020821119490773	2.848419784001468e-18
452	0.0007997396281883063	0.018159461521175053	0.02241653833264959	0.0100904094884325
453	0.0042398168491785265	0.020313961592018863	0.021122172078828393	2.3224651683830758e-36
454	0.004429678317523011	0.015834082512753686	0.0200914369825959	0.002961039415357095
455	0.004692223880264396	0.01372620021160009	0.016280974650690876	0.007693310282278644
456	0.0038958314967570237	0.015076787177359975	0.023782517266596866	0.0013977844650439933
457	0.0046148838557815665	0.018143474303749987	0.02627440181192504	0.006295008437338348
458	0.0005414002264213142	0.01655576530657449	0.023003229098164192	0.03078461891161355
459	0.0009217337943510039	0.018746384204984843	0.025013587535865817	0.017411375942361872
460	0.006464069257483954	0.02313866564469074	0.01942781335857114	1.4686648108652396e-13
461	0.00587164179876067	0.02239582432733974	0.018140792879858432	0.01129616559104867
462	0.006049032963152673	0.018666203931995716	0.015292669542103045	4.4141370024565506e-70
463	0.006359822983025623	0.017305149097175187	0.01566691184709328	0.004592721672362275
464	0.004323751487325965	0.01581259015349078	0.021406445784595125	0.004013591016430266
465	2.065104567641577e-36	0.0161346443164115	0.02315663438262486	0.025610959028354367
466	0.0022790276767796643	0.08083728501628959	0.06312901058677076	0.018372910129918905
467	0.004274072453336189	0.1212223359073413	0.06744990772919716	0.01022962744742904
468	0.0022706892479329526	0.025152086123086885	0.025606616844206634	0.015688506715737675
469	0.0029057747293585513	0.026663940692504495	0.022652643386399825	0.013157230710641761
470	0.0036084360363913834	0.017286428903721847	0.020151007456671467	0.0071800804602871315
471	0.0037070052211079776	0.016539581632703703	0.016347414740703815	0.002605070575639603
472	0.0031136657920685833	0.014214547229684927	0.01920750180369868	0.012971326129114504
473	0.004383282245616803	0.01437558712504433	0.018377422169926178	9.05441542533957e-09
474	0.0008615890588485476	0.031722252013855055	0.04666964286538915	0.019281730052403245
475	0.0002037485822626458	0.041898037553572846	0.051988734455242186	0.011426944846588712
476	0.004848750298988702	0.01767628819706003	0.021630902326197108	3.244166958942379e-48
477	0.006734059674805784	0.016477432783144532	0.02013004870902942	4.111791101243663e-32
478	0.013956924453974425	0.018348017077496948	0.01916323537845283	3.3680768767954773e-07
479	0.016911280828090472	0.01659603033322148	0.01613681081469097	0.0034446701534491826
480	0.012221224259355299	0.014564284386762757	0.01709163504051901	0.012669415784592575
481	0.010418338759168382	0.015568250941318671	0.016869592526592404	0.01645454209387707
482	0.00573595124024292	0.019968029494508065	0.02669826814035891	1.2662031209409931e-15
483	0.003253378345655404	0.022287139808861677	0.02755882843561799	0.016229052753583592
484	0.006269631078961661	0.03141310311541244	0.02708579914727699	4.63497903140774e-26
485	0.00534446651733237	0.027894025302617777	0.022823803309293973	3.077375073391431e-10
486	0.004510902602651266	0.02408826020177008	0.02112852369129815	5.918503275305824e-12
487	0.005847598095574625	0.02435347900820504	0.022806576944990907	0.000274029784881503
488	0.004573858917727966	0.01914574931338047	0.023705795106993645	0.00487797349427965
489	0.004308152109393467	0.017420049419530494	0.019196101955899793	0.008247168761592129
490	0.0008307357887944376	0.023852804316279855	0.03087692748436447	0.013472788606117956
491	0.002875577039442877	0.023084289881847325	0.027791749813144143	6.082247250082624e-95
492	0.0032942412767502463	0.015016302192377462	0.019308307078550798	0.003853736774769018
493	0.0011709072795066551	0.015128285585144426	0.01712625370754836	1.3202868443973499e-64
494	0.0006098227529062822	0.016054543594245328	0.01945883783896851	0.030270070234095964
495	0.006311662722193563	0.014599102846778768	0.019520079258675667	0.009889866023503337
496	0.01553709964740863	0.012432375648802873	0.018617523266555643	0.011035005007434815
497	0.018906110395675222	0.013647998441960482	0.014755368748707068	8.03153957566216e-08
498	0.017351214410185063	0.017875857953580848	0.030931828139221674	0.004072443472525126
499	0.013687105562518873	0.017286798334188284	0.025955165759001156	4.0220671347147013e-25
500	0.008374140154000337	0.014433959437405951	0.01975974658621633	0.011459394655932612
501	0.00675628606906695	0.013794303344133443	0.01726076710008773	0.02115593275919078
502	0.007082801846789364	0.029825923319534493	0.023130168515493217	0.00327334471543082
503	0.005960580719865566	0.02860950103445549	0.019944342403020135	0.0020260954061009553
504	0.004585425401876412	0.021136805255663648	0.01673917470371205	0.004897285531131356
505	0.004279946462630394	0.02065930595044345	0.01582512266455376	0.0072870716539840215
506	0.0012327256599540457	0.014188848621692406	0.022172529660336726	0.02547175927662204
507	0.004680548503521289	0.014774531758679295	0.020269449964811025	0.0014076137551706507
508	0.003660995571706727	0.014358761995717416	0.01816232846371401	1.6778409951205495e-25
509	0.00430874040467112	0.020321937617063007	0.02243028612758644	0.006700594107642461
510	2.0893196222993785e-44	0.030774111084710672	0.03342325372224431	0.01146738229033695
511	0.003764933114337928	0.02444219055824647	0.02962307572684118	8.289122580503901e-110
512	0.0008497682706258421	0.016294073103666856	0.020100236581195446	0.009971941921905876
513	0.0025292183275224347	0.013889795940481564	0.01611780970429866	0.015135120912912286
514	0.0069718465986690825	0.01266542780370386	0.017245892695857166	0.002658817244001144
515	0.006223603139861104	0.011503804485840204	0.015346192471241556	0.008640222234052754
516	0.007239814742626064	0.012127038742283144	0.018168080066576876	0.0004663658077820903
517	0.006591229203762711	0.012886785601096212	0.018044849408297283	1.8832675221197621e-32
518	0.003942703037187618	0.016645686776671834	0.02383643576706496	3.202136676603482e-32
519	0.00406437458985776	0.013604816552652152	0.019483624279694602	0.005702041996822925
520	0.006917855300379075	0.02110124075022129	0.01807509369520264	0.004841631558996586
521	0.006193690252449076	0.022550329669145924	0.014750807314196592	0.010244684374099387
522	0.004954190544762361	0.01815009101452904	0.018461453371603403	7.004090210140107e-17
523	0.0034357462607578237	0.01907431665465321	0.016056966253717053	0.015209666536773879
524	0.002554425165038359	0.016832722418589702	0.02014196773944179	8.570588614431601e-105
525	0.0026025695240224785	0.017319783950364362	0.01595300524131212	8.781206534522034e-115
526	0.0017992791199039646	0.054914557649986304	0.040852795240988386	0.008379453527634882
527	0.0011860370045713902	0.08899894165979712	0.06236738625987084	0.018762249792206195
528	0.00312784462300421	0.024529875665778512	0.02168842244784351	0.00782685820084411
529	0.002325946991172073	0.03292396330803035	0.021260669513656943	2.4615756681952347e-72
530	0.0025673185374592987	0.014592753325055505	0.021661298603644047	0.007151982942662632
531	0.003548567514271917	0.013822647357173373	0.01817510107211807	1.0825459576722235e-19
532	0.0012045938320851375	0.01183171660582133	0.01720908648453953	0.0069894012684651305
533	0.0036093919149155283	0.011066421708504177	0.014917879549397502	4.194924099977603e-22
534	0.0029742065070307703	0.020556961049235344	0.03085741580537693	0.009571100503360873
535	0.001474530964530859	0.029968140163850035	0.04157671890940438	3.367011214486182e-58
536	0.002253670114149135	0.01598689863522227	0.019449215563663323	7.715967418071853e-105
537	0.004899722812619485	0.01415642761195596	0.017573289236743003	3.795318273720476e-54
538	0.009574162531305996	0.013516469623168399	0.017256466539252224	0.00034549710203011765
539	0.011193345705381233	0.010139877479518796	0.014305996004190783	0.007449286262950161
540	0.010731569328302779	0.011010077483533063	0.01493044704045225	1.0140627435364614e-07
541	0.007373251177276853	0.010743822274163881	0.013023231429814177	2.8908098076002866e-47
542	0.006752752054112358	0.01591645671430931	0.021727945092152288	1.909060198609455e-17
543	0.004690201077588069	0.016059331815764022	0.02157003135190069	0.0029628009263145344
544	0.005616552633798761	0.042101625341076365	0.029624891759218612	0.00028811407133422294
545	0.00243496125123965	0.04452605080877573	0.02623591487487356	0.012319357155206304
546	0.0005957169469190871	0.02637612246854058	0.02037897038065263	0.01622336666103568
547	0.004958441582729828	0.02872361578865818	0.018500169614096885	2.376954932992881e-44
548	0.0008872275573372685	0.015695198096126576	0.01705036392219271	0.00984506503806799
549	0.003109325510169522	0.01294809838343037	0.014392313350580254	1.9290040959299434e-142
550	0.0011788846926437395	0.013433334222122477	0.020958085862375807	0.006759287249955977
551	0.0017793503012192042	0.01638320474428395	0.022308245361679	4.316266520885928e-87
552	0.0024588041733997847	0.02242578769752396	0.023047285373489306	2.7754623445223684e-86
553	4.408288298215716e-44	0.0256761967635902	0.026985442992230473	0.011815831479963871
554	0.002204803625621698	0.017166226532410143	0.02188015483984729	4.395382788045316e-93
555	0.006068882317615304	0.016117443296093045	0.018767148048181047	6.064652801669734e-23
556	0.008830789457746633	0.012443202638123032	0.015753076496529732	0.0020399759096946255
557	0.010854218274153199	0.010124458186493025	0.012883796907259661	0.003773031598516773
558	0.008959711168157773	0.01328148065423089	0.020563654937285524	8.170061611655881e-11
559	0.006580885883006451	0.012876968319403614	0.019811331829735653	2.1110486175628227e-31
560	0.003095544251525141	0.01507095926033048	0.020976846760583336	0.018440424642514032
561	0.005161686900510581	0.01441204077621	0.02055579920534193	0.012540522772421122
562	0.004324591571989516	0.018872333225293723	0.017449232563156853	3.576028354210746e-08
563	0.002578265661434692	0.014290551541906728	0.014560051175704487	0.011372541625783692
564	0.0035503649439523124	0.015346666494701178	0.014246473254910321	4.023865059545769e-19
565	0.0025028698856023254	0.011796552182120924	0.013808911537147337	0.005849922692953671
566	0.0007887458474104708	0.014332589750731347	0.021751203637430862	0.015843617762644646
567	0.0038652380424557564	0.015466206767399031	0.01950447062677958	0.0009274177321607226
568	0.004428939086251819	0.07443618771835032	0.05932087165184209	8.869512206111958e-17
569	0.0018868365801527893	0.12010918921045514	0.06945472585922181	2.5927578669919394e-08
570	0.0035783953326749395	0.02222725135873441	0.021686392251170014	0.01542099929333137
571	0.001056013995341839	0.026406136934928066	0.019816466699248053	7.84508196780382e-59
572	0.0007444990359761781	0.014925351244334898	0.01607426178527819	5.087289972360574e-50
573	0.0007474182664936872	0.01235330316104168	0.013777902109677225	0.027081680089794526
574	0.0044176672601340975	0.011859683245151662	0.018403408502803236	4.868113767522025e-10
575	0.0049503153667847	0.01069584410548	0.015334991837251306	0.007827669647774087
576	0.0034262410628452247	0.02906562787562494	0.04124038178791696	0.010433694378704185
577	0.003281076842622982	0.03550409968791317	0.04771643586687078	0.00639701969073067
578	0.0022381341216906117	0.015287192189085958	0.020798342040455498	3.8981514463770165e-97
579	0.0033076792707757573	0.012838760760107771	0.01809612133941104	0.007888495161070534
580	0.0044500500481082705	0.016014337686085733	0.01716073267632093	0.0028655783009082342
581	0.004971697885321319	0.012798533974877022	0.012190607115390557	5.030009454225994e-19
582	0.004407213789449152	0.013737516875272748	0.015435289445166785	3.461628850381064e-08
583	0.0037160021015698384	0.012383913003796675	0.013165506032680555	2.776754027682748e-23
584	0.0006845500220650218	0.017958610083879733	0.025754794954251665	2.322095850266839e-48
585	0.0008151353244139986	0.018938856172347748	0.02339944180077637	0.018924895147827688
586	0.0017231156698915822	0.021820374233905065	0.0190414762153658	1.619573090171641e-76
587	0.0025790017839030883	0.01753447267815151	0.014386491372596366	3.7817404740453835e-108
588	0.0031486885034452887	0.019594148773172577	0.01831531357594125	5.468194558797367e-13
589	0.001029544174402046	0.016022463977431574	0.018136630176984973	0.017039202376967672
590	0.0011449147631986778	0.015882222919208717	0.021463368707914408	0.006696329594972391
591	0.0015956793361605213	0.01367275398942588	0.016861744983048467	1.054131678685638e-102
592	4.4864455087264596e-82	0.022089256954307506	0.029527286906997345	8.33216053149054e-23
593	0.0014163933000972812	0.01831192898827592	0.023937141646978705	0.007715044831128645
594	0.0018690102309733112	0.01270365458851432	0.015724681998960766	8.214228998193661e-103
595	0.001910411600865679	0.010367392106831156	0.014367319372039916	1.8373692956813408e-116
596	0.0011557106540292825	0.012614940822949804	0.016966072132961557	0.012400571401816012
597	0.004460026271722084	0.011661678655074932	0.014285142866339612	3.640952263757477e-12
598	0.009091978017568215	0.01198804895224136	0.01720692937203872	0.008918162651417821
599	0.009467326536210628	0.011854170090174403	0.01351031157920654	0.005340408977377198
600	0.006029991316684643	0.016557178727980435	0.028529594606865143	0.019913671291836767
601	0.0047266544614092305	0.014783044373512898	0.020957418201388748	0.013817157505593492
602	0.003212527859095962	0.012972538329034188	0.016700202819543944	0.008933884656577046
603	0.000987517662213642	0.011493628408820105	0.014025306769938725	0.009531789174743194
604	0.000718199996814252	0.022667831901285785	0.020541220156860426	0.015327841068763583
605	0.003952647458853971	0.014803424443147525	0.013688069294365092	0.008391309636420095
606	0.0026897280800178384	0.01797656211141728	0.014557610007793481	2.270677523147442e-109
607	5.732974585873297e-82	0.014849580661432323	0.011483742989403618	3.277827900667662e-17
608	0.0025728235898741965	0.014449857258161823	0.02266863874135353	2.755584343782984e-106
609	0.0026919388589849067	0.012826882177757988	0.0184176693668265	0.0012576011082513457
610	0.003237575662424149	0.012572839112570653	0.017536390214697006	5.248854738110669e-12
611	0.0018326313461062686	0.013690109525423214	0.018134509067450455	0.009322411940638233
612	0.0010458182397047333	0.021125656946356857	0.02403229670385068	1.503359198932563e-51
613	0.00349292766441849	0.016761181027089206	0.021118353513648748	2.5422800599474154e-20
614	0.0010779056262270141	0.012577846130268472	0.018246359275947057	0.017030798402021444
615	0.005239130043512664	0.009933907553781974	0.01346120650404454	0.00399585627610387
616	0.009782650482904956	0.01049424874862095	0.017582843553828102	4.263046459180056e-12
617	0.010188708371670074	0.008376256589332502	0.014304838612254627	6.414065490369717e-06
618	0.009782423643497379	0.00931213410359928	0.01616724938210645	0.001686122243612082
619	0.005659107005766436	0.010402209012583066	0.013928628592675435	0.011751131503958945
620	0.006102283899778623	0.013374210109459802	0.019579737772213272	7.440436438649342e-25
621	0.0018885230314408402	0.009986498186541362	0.016391603801839176	0.013118539439731375
622	0.0029937921310964626	0.019972251991254866	0.016040818055495114	2.001859100139769e-108
623	0.0017855670827962048	0.01923655127753441	0.01313507699881402	6.324752350540723e-81
624	0.004862038076618373	0.016606137500237317	0.017414692131670396	0.001723384568579537
625	0.0008546846513977582	0.01697009052712355	0.013764466652957455	0.010198035119208347
626	6.809734233349152e-41	0.01368125160195582	0.0176563322601158	0.012488890948757787
627	0.001848831872355442	0.014675149359193299	0.014696994688278462	8.793260711852345e-100
628	0.0001955161097451259	0.04408454395397283	0.03547242910656036	0.021107583615532888
629	0.002078985246331472	0.0721395311410088	0.051500628692823104	0.006538711172287753
630	0.002481325992733153	0.02244415982273679	0.01935845390968679	2.0538098756554915e-91
631	0.0009391291029232007	0.026802694266185915	0.019535917428301373	0.012442621237877705
632	1.0657708814508162e-40	0.013441391885018137	0.019882176844571192	0.012404009691937773
633	0.0012286167795902104	0.012023159656560096	0.014743342656871371	6.15976836172164e-72
634	8.082499081357084e-37	0.010156620712785678	0.015710134014750382	0.012368861856372104
635	0.000861409525031408	0.006961439693543886	0.015089346312649585	0.026453514396638515
636	0.0007413948719534476	0.01715057371875391	0.02748225657478372	0.015539127921623054
637	0.002069886080804273	0.023238881734370633	0.033314917190803005	3.109750030368852e-81
638	0.003232169575118537	0.012661876743291304	0.018038061249432597	5.292068646278852e-13
639	0.0009957260225147882	0.010403783374202969	0.014748648662413167	0.009588588948824767
640	0.00406600416531335	0.011355004708187039	0.016004962620855896	0.00948088447475401
641	0.0033180827032062796	0.009409254628144466	0.011619864104009418	1.1144010698002007e-12
642	0.0040785011435830595	0.010752289575549155	0.012445682603094145	1.3502901838032037e-34
643	0.002829793016681124	0.008871146313678892	0.012002303706740094	0.0007256331615278438
644	0.0026248215933427554	0.014367065307392552	0.019265948957644566	3.995977132736344e-119
645	0.0019812522918965115	0.013824823753384568	0.01760749154979819	0.006071817434438747
646	0.0018931424986692509	0.03764749047875532	0.02724542392377082	8.055813465375146e-60
647	0.0007651109599680498	0.03535527730733872	0.022874419181511056	0.012735437949724582
648	0.002258023875953369	0.02349655934443289	0.018010530334983618	0.006530183425267345
649	0.0017291306154266716	0.022028519095057514	0.016556361995242096	0.019630788804290793
650	0.002741614400190626	0.01331735358965258	0.015356808604074585	0.0008008464084879118
651	0.0008459543204977139	0.009456879488000435	0.012966624375274188	0.023602832437675626
652	0.0007666294634270809	0.012466310030877727	0.018121612658628473	3.6219415465166174e-53
653	0.0017801104177686982	0.012918658125156208	0.018446746952733115	0.013847766786740686
654	0.0010306417937204768	0.020059238909321493	0.02290617001114803	0.007280330609409846
655	0.001395602820926759	0.021359157556936143	0.023469463709693595	0.007441950263873635
656	0.0033065631581619946	0.015545641414107867	0.02128449504063631	0.0034114223933147435
657	0.0027642940634589877	0.01215941551400276	0.015734602692925467	3.307518034080409e-133
658	0.006171825627615697	0.011100691753873093	0.013967884554357386	0.0028622544896196767
659	0.004981288605918732	0.006914051950222192	0.012117687906794515	0.013190989096531233
660	0.0035984196014244197	0.012282996379462372	0.018560058133276915	5.415779811352691e-26
661	0.0027791100129827464	0.010256737527460051	0.01689024468434705	0.008282639942013137
662	0.0032920703023251933	0.013958382972007553	0.020933021183807052	0.007663518221745037
663	0.004305709555984908	0.012523887807561696	0.017768061888779062	5.6567844472621244e-40
664	0.003265286519124001	0.014869136911193452	0.01665218086987797	0.004188767040444705
665	0.002357807886874052	0.010518574378441498	0.01208871408532119	7.330894638513076e-128
666	1.7255544572880532e-35	0.012002052850805607	0.014188792160740966	0.01775092885479345
667	0.0010138557095679792	0.009823250825837562	0.011797616410128331	0.009653120199734981
668	0.001829727185381405	0.01397869497131607	0.01927296623105419	5.969064812913248e-95
669	5.31152374093274e-82	0.015375349651303527	0.018441677947809484	3.3139329689101055e-21
670	0.0027251086038985036	0.06783305574109752	0.053281174317440734	1.0186656791071834e-53
671	0.0016170058127312505	0.10142283163472035	0.05975296679061497	0.0068502646336634256
672	0.0035588442330134326	0.021259297306475865	0.019086586589645623	1.975353367808511e-23
673	4.494914103372926e-80	0.023496277935579745	0.016868290493221444	8.848414085162527e-23
674	0.0018720910367500904	0.012713414113567741	0.015239749220543518	9.035185135995332e-106
675	0.003152616151563976	0.010118483240166606	0.01168778598978134	2.2253819188793056e-156
676	0.007221952807943236	0.009174425223559365	0.016747451738771253	0.008925472305595173
677	0.0072926170676045066	0.009278987026673912	0.013440679794521486	0.0006692861245627099
678	0.006467014639769984	0.026519880585715125	0.04040926080581775	0.005442244616570886
679	0.005507896633578407	0.030063485179323533	0.04101629398530657	1.7263691734121037e-15
680	0.0037156715069662925	0.012021514852237333	0.019863267353700528	0.02323659696909312
681	5.854521039125811e-34	0.010263626261514653	0.016435293707305842	0.022279382332582965
682	0.004762193978220426	0.013536692785693864	0.014884669348819657	7.642520044704468e-16
683	0.002832517751831247	0.009261966355624724	0.01088176236203004	0.0006819347278566243
684	0.003280953135053885	0.012154578350579634	0.013597598922087796	1.0354300168496895e-14
685	0.0033178192017877623	0.009549491035087824	0.012068965962297224	0.004821848128766105
686	0.000740788302499192	0.01644820415501796	0.025977109597655736	0.010901973373112269
687	0.0007294295656220259	0.016678311103698648	0.021896464840538903	2.9893416343958633e-52
688	0.0011565732078714743	0.017260759679282523	0.01660244606752561	0.006698734169359047
689	0.0038637258809201933	0.014091307009910476	0.012382405103591308	1.6212609034267078e-28
690	4.9902535129047365e-37	0.0160504822462367	0.01701873936075921	0.017614597489531324
691	0.0012009860327863203	0.013808776858941432	0.014965541073642301	1.163403762738202e-69
692	0.0007360033563509073	0.014064211873565552	0.01920702364491457	5.2710607436117774e-51
693	0.0018922065215341908	0.011540483849613809	0.014742942771129636	1.0935524815381568e-109
694	0.004200490070225435	0.018999817209742743	0.02660723664101377	0.007802654334724664
695	0.00258802100583811	0.013930218888494906	0.0203952001834719	0.013563636574984491
696	0.002647736502050408	0.009751512116586205	0.015098428958913317	0.011281803888095
697	0.0013260194373578647	0.008961605790052297	0.011303288756665659	0.0064402275299589515
698	0.003991850334314833	0.010543747807950376	0.015221344166129384	0.0005245223834763547
699	0.002378256437872988	0.009331272785770596	0.011547263759408772	1.2384943648718968e-136
700	0.003716668480056374	0.011642978109364047	0.015122362424120368	2.225283788123555e-24
701	8.848609741689802e-83	0.011492611608282102	0.012497738049701642	2.0662675803509224e-15
702	0.0026718461237757738	0.016533417849398595	0.026048751404059774	0.002889333248298554
703	0.0011093123837883731	0.01152915404627065	0.019230329376474013	0.012983935113269096
704	0.000913073631538789	0.01082582333154965	0.016757637423462698	0.015265189396151563
705	0.0008296104579741251	0.010508450628853678	0.012084231122401723	6.349649527248484e-61
706	0.0017673828173822301	0.01955901079057308	0.016055386220636483	2.2530565159773266e-83
707	0.0027641050608322748	0.011234527729035982	0.010756777984260687	0.006104685109702928
708	0.001845947134113509	0.015887116981928448	0.012105659541107741	4.717506027224978e-95
709	0.0010314500896847884	0.011762701890527293	0.010832392985704655	0.009171740161433132
710	0.002287018065702833	0.012936141936922683	0.020841353358170812	7.778142094658477e-111
711	0.0018923840399349971	0.01131966060562067	0.015168748990907746	7.42044695632283e-108
712	0.0008362876538959909	0.01148792953091573	0.015227876791009442	1.10991086627842e-73
713	0.0012432701896484743	0.012105013315944083	0.016113650632277546	0.006566984124285449
714	0.0006643350297054694	0.01798061295962976	0.022253865728175157	1.3829139001888145e-44
715	0.0010901872289099676	0.012837557771916988	0.016823995591241484	0.01697501818895871
716	7.85566372770599e-83	0.0121257536567425	0.01423698411557202	5.1692978783048355e-20
717	0.0013559732349779066	0.008226807350812475	0.011729889703132077	3.6394069542703467e-124
718	0.005164662514756763	0.008814366021823316	0.017125595164794526	0.007637846226588635
719	0.003892741204154719	0.007654022606490391	0.01141103080834839	0.0022081224219882745
720	0.0011884996573237455	0.008435739810454137	0.014395240606590478	0.016654383139051546
721	0.0050780383767866505	0.009856120958240363	0.012307612623331677	0.00014971926754996464
722	0.003626699156927465	0.01191397486779902	0.01655449171755994	0.01412617689302189
723	0.002066992171300734	0.008335468829282829	0.012910591917152216	0.0027945529624669144
724	5.235869361692403e-84	0.017736411294767315	0.014910839841074369	2.9176659027184895e-14
725	0.000750557453535833	0.016150341825526944	0.011113595614917818	7.458726734530897e-45
726	0.001825298154584182	0.015383434541760804	0.015806325550709193	3.289223645773679e-84
727	0.0008106387843107805	0.014620742200346662	0.011370781640188695	1.6019632674263517e-55
728	0.002327076721369219	0.0122021723778413	0.015805769468680647	7.708604364423379e-125
729	0.0007780015174601536	0.01362708678834978	0.013846736959712475	4.4558436206287995e-54
730	0.0005133732354623356	0.0370758123299974	0.029775146761242658	0.009907466724164456
731	0.0024685467319269113	0.058613119518496654	0.04216914021661027	1.6092429189212995e-09
732	0.0010698473636601182	0.019937510999068816	0.016175934542834385	0.012247245581103
733	0.0006175464603049162	0.02401474229192451	0.016478594022869355	1.9060956457662342e-38
734	0.001257954053506046	0.012174913533685579	0.01850913234958024	3.2628157026414952e-90
735	0.0021387467454928133	0.009643683595807157	0.012571796537821723	3.7458551796072606e-112
736	0.006145900946200626	0.008020294961762604	0.014754899261955433	1.1312578516031786e-05
737	0.0029164096654203902	0.006438824789536114	0.012048592930865642	0.01516225887207966
738	0.006104109177205187	0.015050273052397835	0.023679421080447193	0.0018118739670176963
739	0.003837203362779627	0.01856929980230969	0.027394037188544516	0.013093552954611967
740	0.0009130237949693166	0.01070411622630297	0.014994012618882375	0.015451843278923592
741	0.0020772219707491583	0.008401923073492626	0.012535390454164103	0.0026847154762902215
742	0.00281087605881154	0.009768801267640943	0.013671646262190057	6.35718185692433e-144
743	0.001550495572831069	0.006032599889411785	0.010200466274427592	0.021025088051150054
744	0.0033184532509658417	0.00902305007472862	0.012030369760212531	3.038019894613677e-15
745	2.1210269438689635e-83	0.0073227684379152305	0.01053184412079649	1.8058298285307884e-17
746	0.0018650733052947947	0.012129590042258593	0.017814592289459603	1.842899767003475e-104
747	0.0008320638391136488	0.012149895371030443	0.014889776091106395	4.4156936286654576e-72
748	4.991370007906149e-82	0.03366258245646887	0.02368806627161883	1.2233514238649188e-19
749	0.00256805088882641	0.031374153568693275	0.01807445371975941	1.3241836793621377e-06
750	0.0010282666478388259	0.020554916677928813	0.017360040007810464	0.012499717445453234
751	1.1098817356324896e-81	0.020123164433108718	0.012995675617049401	5.4318573142504e-20
752	0.0012911714250010823	0.011359088918972332	0.012684121453240467	0.006336054943566933
753	0.0009050974095361749	0.008783515462118292	0.010228204437433384	4.25297261977529e-101
754	0.0008149928197009962	0.010561250314119992	0.01483992585010545	2.6593973696724834e-61
755	0.0007987968010184676	0.011745419963442923	0.01473413807584537	1.2526892322294425e-56
756	0.000702008666936682	0.018541178843781914	0.02112880265338158	2.1162079388207101e-50
757	0.0009144115227128354	0.01635572776969489	0.018794155814249147	0.009239702458458765
758	3.710254007903446e-39	0.01054949284084559	0.017298124032909073	0.012486946617149438
759	0.00193111773262566	0.008421501787365	0.012669885025787152	0.013137220240145086
760	0.0012678879732188095	0.00801371880346126	0.012684302651114641	0.012102773902231117
761	0.0008982464395101803	0.006391104126039871	0.010319795739975301	4.3583598909453263e-85
762	3.4716212194353093e-37	0.00964424826135042	0.016487389537266254	0.01250567712154466
763	1.7249837499917723e-35	0.00866503869202332	0.013259831009306933	0.012675363780799085
764	1.3375206758702507e-39	0.012734260076830898	0.01789646879026287	0.012548865118894756
765	0.0013251793269950986	0.009284544256362874	0.01446358992381364	0.006141176623320312
766	0.000868757840911062	0.01041660819233704	0.012463671788336897	3.077638284843998e-83
767	0.0009238703491783659	0.00781275695286172	0.009309384437534199	5.19768257725269e-104
768	1.556581282075851e-83	0.009784603364433838	0.011040000124398545	1.7164536336671306e-15
769	0.0009165246908020364	0.008203571745488107	0.009549515985691764	2.000758310074566e-99
770	0.0009584502502977271	0.012182419946422697	0.01618880124120243	0.009621632739015137
771	4.978276501114481e-81	0.018599011930878352	0.018287653497835624	2.8112102412167244e-21
772	0.001459756662039974	0.06100457195883077	0.047117868107034715	3.234433965741357e-43
773	1.4207584895231818e-78	0.08334347166654835	0.04430214405654748	3.2669847868744036e-24
774	2.7623186338276074e-81	0.01803631254798533	0.015922277591552514	2.333616479297089e-25
775	1.7848988165261026e-39	0.019472751640783825	0.013030991619042132	0.0121558124394245
776	0.000981733707888911	0.00894828153626827	0.011783947017131065	0.015146429617271957
777	0.0008748302836542665	0.008550651173681659	0.009574736810594453	2.777152142802454e-74
778	0.0012349072405605935	0.008125730759314219	0.014530663251466285	0.012366608115276307
779	0.0013005647866073757	0.009570638623667253	0.014829504756312116	0.006380465687897406
780	0.003414295298174062	0.025077753512812537	0.034285824388040814	2.6163072394480245e-20
781	0.003459177565242594	0.02348425960255296	0.030704108195112004	4.464191112546275e-23
782	1.456492538117587e-83	0.010946719674000908	0.014663151499995268	5.291306865257216e-17
783	0.0017172206813698882	0.008598037815010798	0.011408791908639934	0.006547947239586204
784	7.685797642670952e-38	0.009275479297417186	0.012010320536655208	0.0126836319708986
785	0.001997228973613529	0.0064933742328186035	0.008962052282828196	4.495106305833379e-152
786	0.0013461278779208397	0.009127958568874888	0.011142528313019633	3.719622606730179e-112
787	1.8831559119036773e-83	0.008471386150549503	0.011529308681378274	1.5117845660731415e-10
788	6.408574948002895e-38	0.013912034081024946	0.021873948083902448	0.01812421407840389
789	5.69230261000439e-81	0.014005499650855223	0.01658515270332384	4.0784310908046564e-18
790	4.8766025107046665e-82	0.013221649309930455	0.011289387673571039	7.160302765800987e-22
791	3.4709726632431166e-83	0.010476776138854806	0.011363462955306148	4.120907588782048e-22
792	1.425438285657963e-81	0.01352707538968193	0.010844727557953593	1.7035861404100116e-20
793	0.0008279010434743555	0.011368945532705328	0.010623326031843879	1.8611535024933542e-63
794	2.4542061959484546e-82	0.011211196711238849	0.013468556660863154	8.76682830775959e-22
795	0.0013193385241108881	0.010480573736044864	0.012987418141523217	2.6043833910283216e-108
796	0.001949832606798352	0.011972955546789767	0.019282084559819262	0.01157436091856666
797	0.0027923701947646156	0.010097822716168181	0.014586833269841977	0.0008012833129473863
798	0.0019251814332957354	0.006531473029208131	0.01002120944496666	0.01694222676186777
799	0.0020073507527452973	0.0058307231428437675	0.009915937872538924	0.012869299031167942
800	2.0150064209336533e-34	0.00673535892079624	0.010796008202666133	0.012738307036672777
801	8.846785775477803e-84	0.006630967355333392	0.00941984195838693	8.377176217162117e-17
802	0.001319287386244513	0.008821732891230026	0.011013874227948436	0.00652727541477316
803	3.0578136028855696e-83	0.00970345345173804	0.011384352347188039	1.1844325502935813e-14
804	6.604574844525002e-38	0.010403897410998333	0.017328621501254197	0.018394504900900745
805	1.896905118679082e-83	0.009513689436311425	0.01189053288663263	1.245984446493074e-20
806	7.040467688788154e-83	0.008735745904368888	0.009223834298314157	2.0139128631919543e-13
807	1.1798662707943729e-82	0.00851558191310717	0.007217535613270331	2.778685012982349e-17
808	0.000856970742543632	0.012512526860389273	0.009331673630466017	3.1041643318970944e-83
809	0.0008994771211417214	0.008023815694005867	0.0063521008394039225	5.782581438805695e-83
810	0.0008877702496896298	0.010552314024555934	0.008867462388214255	5.190458502572876e-91
811	1.4566563316747645e-82	0.00909351478678053	0.008031628083813658	9.152061571649289e-19
812	1.467518370941742e-83	0.008826722542283848	0.012979277561479435	8.987393571844212e-18
813	8.511240608233676e-83	0.00789561132130365	0.010544237128752664	1.5544372709769113e-15
814	3.465665475413409e-82	0.008201654304164785	0.008995334926746933	1.7512538789324595e-17
815	0.001080893724137581	0.008878819482594164	0.012679191296106247	0.008953134189037664
816	4.388310731261067e-33	0.010629100906434768	0.013173375887147239	0.01793622818808504
817	1.370009287467688e-82	0.007785102326846852	0.00961245539532461	2.3379249907338782e-23
818	6.554242688669924e-83	0.0063118519176313045	0.00882182353925048	2.2561656293303893e-19
819	1.2378049446190883e-83	0.005170931768930676	0.006803541053243313	6.021061354909056e-24
820	0.0009708466155675296	0.005082153776690611	0.008210234336392194	5.624048491813052e-124
821	1.29735270813051e-83	0.004579190694104144	0.006737403127981445	6.921758931816226e-21
822	0.0014441315498584784	0.004403818573499599	0.007087249484551952	0.006069680201087985
823	0.000904464262644764	0.006999645967118941	0.008190597511042449	1.4727344280654557e-93
824	1.9789632637101455e-34	0.006623668266477311	0.007805934084583561	0.012928137985671929
825	4.314765952286557e-83	0.00683305293982031	0.005554557791859459	2.906021065569417e-13
826	0.000844644884432941	0.013191561263125488	0.009113024590635508	3.915233952083347e-67
827	1.4354911309939939e-36	0.00994649276207787	0.004097803506952313	0.012605165987865978
828	9.540875748922801e-46	0.011177667653141729	0.0083343106804381	0.013243347393101455
829	0.0009070892814619123	0.008208510769242535	0.004452597211892961	1.765441410057597e-82
830	1.2738722528901949e-82	0.007625559931007319	0.007646101018599351	2.7812538684125615e-19
831	4.816746482261272e-79	0.015271932025289751	0.01032535614239815	1.013659353451505e-23
832	2.1654008817282782e-79	0.041043649869905115	0.03609146692758142	3.712785384581272e-27
833	3.0073964284817835e-79	0.0282757024312744	0.008966537962454679	8.688399908907672e-21
834	0.001204598944938944	0.018725692185708232	0.01318859948456133	2.0781272421143408e-82
835	7.108825967115187e-81	0.010224590646804445	0.00292237955332425	2.5012015443414257e-18
836	0.0009569885820957688	0.006214446259030586	0.007554507817224945	3.185790736675128e-114
837	9.749084061164763e-87	0.002861339701844529	0.004377439787335138	1.104925846287731e-30
838	1.9920458045162523e-82	0.0034185719679083386	0.004953917912824102	4.063162198086969e-17
839	0.0010019037037548504	0.003946608549757756	0.005970502911510848	5.801329212683956e-165
840	1.1885498251214163e-81	0.014525743702551728	0.021132450181193776	6.91943548876974e-27
841	4.772216281030724e-82	0.005369361405687288	0.005621392462777835	5.0939010655194214e-21
842	2.6099978032635222e-84	0.004451925144572406	0.006884396120831051	9.407244683654739e-24
843	0.0010033759674974185	0.0029294233766384075	0.0014781841034880259	1.9387159539212353e-144
844	2.4991977615423425e-83	0.002759193358194257	0.003325674942842152	8.205895892368249e-05
845	7.22522799844904e-93	0.0015473601797489683	0.001726124393613317	0.00018242215620545952
846	1.786076884755002e-83	0.002097748688265022	0.0022673259830434936	5.10008095410841e-11
847	1.2605158893681046e-81	0.003294773734457566	0.004979397766888432	1.4899385808462338e-20
848	2.821907917351686e-81	0.004665697522600565	0.004922398086344474	6.493275406283344e-17
849	3.941776465397456e-80	0.013478649850029428	0.006205106592600814	1.3085106578451884e-20
850	1.4096183296413543e-80	0.01169406557408083	0.005505430028230482	1.4229051996248985e-23
851	4.620393841637301e-78	0.007069616222024985	0.0018384528275578722	1.106988379739874e-18
852	2.5941274598469953e-76	0.004145853203927819	0.0010238212231574466	7.358167306997476e-20
853	1.2155897055048832e-87	0.0012480934049334876	0.0006313512223728346	0.00022733273643878022
854	2.3016922053881647e-67	0.0006061746107863909	0.00021690936701214717	7.106858331805336e-18
855	1.8471847642036804e-106	0.0008009554245306007	1.9236811854357987e-110	0.00016233606858861654
856	6.67615962645145e-83	0.0003877815639888247	0.00042460395394082527	3.8871874545043784e-97
857	0.0	0.0	0.0	0.0
858	9.024252902151487e-109	0.00013993032116667404	0.0	9.971170303720019e-82
859	8.80129929194983e-179	9.028716823868745e-05	0.00035529367210357864	1.4336919152796221e-05
860	0.0	0.0	0.0	0.0
861	3.37921125632082e-109	0.00011144141676485473	1.0119439957859118e-80	2.750840897391916e-66
862	0.0	0.0	0.0	0.0
863	1.6951223758436781e-140	0.00034103749539473715	1.1943108370848449e-222	0.0001645336848551087
864	1.3392482792839499e-92	0.00018216618119168307	0.00011800710462356003	2.9186807037998734e-92
865	0.0	0.0	0.0	0.0
866	1.6246031424018358e-164	8.1063644548029e-28	0.0005579424400168225	1.820057147976947e-05
867	5.365025348678565e-202	1.2313612452658979e-82	0.0004073937370773405	7.041774690358303e-06
868	0.0	0.0	0.0	0.0
869	0.0	4.425024043181756e-67	0.00016531012600727154	4.073471630816103e-05
870	1.2566108503348492e-208	0.00010213221810251939	0.00014449173598978624	1.758276177805401e-05
871	1.0818563437729513e-86	8.172312552439542e-05	0.0002281795184098492	2.1462962197789432e-99
872	4.3021324335440115e-96	1.312020917322396e-13	0.00019697705691254917	5e-324
873	1.776793507500586e-88	1.7826330784329197e-15	0.00020846524439469894	4.479694014643249e-274
874	3.600596459189849e-89	0.0001137103910766937	1.5200614017206187e-80	3.138842597477666e-131
875	0.0	0.0	0.0	0.0
876	8.210038785772721e-93	0.00015805050056421952	0.0001463958220597823	3.0357956937482533e-71
877	0.0	0.0	0.0	0.0
878	8.866221347147973e-125	0.00019115405238105774	1.9007989841441462e-43	1.8180548891666675e-11
879	0.0	0.0	0.0	0.0
880	2.268947359604758e-122	1.1791485773271669e-17	0.0001945884241578116	8.293366620945646e-35
881	0.0	0.0	0.0	0.0
882	0.0	0.0	0.0	0.0
883	0.0	0.0	0.0	0.0
884	0.0	0.0	0.0	0.0
885	5.386362906292205e-168	0.0001795631680503617	0.0	0.00019349644321269615
886	0.0	0.0	0.0	0.0
887	0.0	0.0	0.0	0.0
888	1.0557062712862147e-149	1.1738402093990064e-97	0.0002404902720858094	0.0
889	0.0	0.0	0.0	0.0
890	0.0	0.0	0.0	0.0
891	0.0	0.0	0.0	0.0
892	4.3021324335440115e-96	1.312020917322396e-13	0.00019697705691254917	5e-324
893	1.0557062712862147e-149	1.1738402093990064e-97	0.0002404902720858094	0.0
894	0.0	0.0	0.0	0.0
895	0.0	0.0	0.0	0.0
896	9.024252902151487e-109	0.00013993032116667404	0.0	9.971170303720019e-82
897	0.0	0.0	0.0	0.0
898	0.0	0.0	0.0	0.0
899	0.0	0.0	0.0	0.0
900	0.0	0.0	0.0	0.0
901	0.0	0.0	0.0	0.0
902	9.024252902151487e-109	0.00013993032116667404	0.0	9.971170303720019e-82
903	5.386362906292205e-168	0.0001795631680503617	0.0	0.00019349644321269615
904	0.0	0.0	0.0	0.0
905	1.0557062712862147e-149	1.1738402093990064e-97	0.0002404902720858094	0.0
906	1.0557062712862147e-149	1.1738402093990064e-97	0.0002404902720858094	0.0
907	0.0010512517512545872	0.00012761129370038145	9.239106290466942e-257	2.139392405931708e-248
908	2.983884421823485e-97	0.00011323904565913144	5.485321288396178e-79	1.926038643845301e-35
909	0.0	0.0	0.0	0.0
910	6.429299419013324e-106	2.7908983191924596e-15	0.00039156548125651003	3.088908542098575e-115
911	0.0	0.0	0.0	0.0
912	0.0	0.0	0.0	0.0
913	9.024252902151487e-109	0.00013993032116667404	0.0	9.971170303720019e-82
914	0.0	0.0	0.0	0.0
915	0.0	0.0	0.0	0.0
916	9.024252902151487e-109	0.00013993032116667404	0.0	9.971170303720019e-82
917	3.37921125632082e-109	0.00011144141676485473	1.0119439957859118e-80	2.750840897391916e-66
918	0.0	0.0	0.0	0.0
919	0.0	0.0	0.0	0.0
920	0.0	0.0	0.0	0.0
921	0.0	0.0	0.0	0.0
922	0.0	0.0	0.0	0.0
