Mass (u)	Comp_1	Comp_2
0	0.0	0.0
1	0.07609983140444528	0.09406961208601218
2	0.023181856207289932	0.01970410312063964
3	0.013343427246374863	0.008779685406054118
4	0.00017523324551630535	0.0005857729924036947
5	0.0	0.0
6	0.0005321439020057674	2.1611382518652996e-71
7	0.0022166141861895096	0.0031142956031139707
8	0.0	0.0
9	6.573010242899872e-05	2.1891969702007196e-56
10	0.0016624179143051344	0.0005313225839863059
11	0.0035679584992047435	0.00035111836892045927
12	0.028308471608112822	0.0426193724128769
13	0.037098473504769074	0.04023566989486761
14	0.055876473415953705	0.052864817760092164
15	0.09979945341015707	0.0660420516815537
16	0.013972272346547436	0.01373783137965879
17	0.008503805186713564	0.010331142733579206
18	0.028075457006875224	0.009722088128832762
19	0.05132332883855343	0.011376223241549676
20	0.0017598020086823168	8.758734725359948e-88
21	0.0024932214829324366	0.0019474486293724691
22	0.0009449029213247149	5.086825314446492e-87
23	0.07379948918049657	0.03787837815593215
24	0.013140790091512134	0.014867796533028015
25	0.020553230032965268	0.03435447364178712
26	0.08837242466359882	0.09008808740678824
27	0.5600077567673595	0.24049690616273733
28	0.1514331303755405	0.1859350871736172
29	0.3261928710211779	0.11000182693787688
30	0.06293545896675848	0.041034467289990585
31	0.10648226227198218	0.02752488823748254
32	0.018296226071728403	0.007672219999347168
33	0.011184812119174992	0.004224249008768687
34	0.005393902321830907	0.003161633638137095
35	0.005877819246404494	0.0010026508747088523
36	0.008506880958513766	0.01911161169242314
37	0.042433242193441134	0.07742338586907413
38	0.08133121084214003	0.0931727939385496
39	0.31099068967781374	0.21567550999035937
40	0.12162375279951086	0.06421401192559127
41	0.40859991473561325	0.08462366343404538
42	0.15263442077214967	0.045085643523218526
43	0.3353958101348583	0.05323983632345035
44	0.11567981419044565	0.0533650276853456
45	0.13264638031666007	0.24453713497658297
46	0.03767519105420781	0.05605347698808746
47	0.03674978728119802	0.056948348484027085
48	0.019056171244258492	0.013941334176297625
49	0.02515759345908888	0.04503288660855301
50	0.09596567704062905	0.1454290577372083
51	0.16873463444733486	0.18889029337688443
52	0.10756669555670141	0.09080486417031798
53	0.21187255906925156	0.14574221869475115
54	0.09857337236600934	0.04936838759648901
55	0.2897233903144554	0.048840045359529315
56	0.09681269680672373	0.0217137499501908
57	0.2026472618688415	1.1926134178648332e-06
58	0.07139948944115515	0.011420910476147624
59	0.067288727245535	0.01187677148999283
60	0.03095230747714526	0.019956259505226184
61	0.13182586921709186	0.07738898374779268
62	0.07334712402320738	0.1408770459119409
63	0.13084341287255183	0.1955433455065263
64	0.06351483881347453	0.07619470750879281
65	0.1500775306750626	0.09445490116305229
66	0.08543319074962709	0.06424325117857536
67	0.13905874397926715	0.05053498966506465
68	0.06913590153803854	0.02584366394744291
69	0.1446017650189992	0.031235865575615886
70	0.06778099378028736	0.023529937205014166
71	0.09712219580462755	0.03687984139520767
72	0.04042936295091297	0.054748170632721464
73	0.08833860136218451	0.04791920147341211
74	0.07075162869716477	0.14894999562710012
75	0.08364243618361172	0.1410573812502982
76	0.058313414737638174	0.08164078915475824
77	0.20208431334628	0.13140880383604525
78	0.10083895545010535	0.06425585626539065
79	0.12991151687609212	0.057133333787913174
80	0.058024981228470544	0.025665223074752812
81	0.1009402306443788	0.021828386031786422
82	0.0503542595579944	0.013758385422393363
83	0.0805874068275431	0.009654183630092801
84	0.03785069883041661	0.021319573099390556
85	0.06233873696239419	0.06382986347347207
86	0.05545437819557188	0.1254236298820894
87	0.10633222989217689	0.1288741895536532
88	0.04810063293355244	0.0766510912918495
89	0.0817217227533357	0.10028911945255137
90	0.04782468827556757	0.05536729483411005
91	0.1471768096277648	0.06565966452017727
92	0.05975983124436552	0.030209636977084748
93	0.062490207907828	0.025351026426577012
94	0.04113136592769147	0.01442308176612694
95	0.07063630195590939	0.014406847659614672
96	0.03235886916074329	0.013267408064932313
97	0.04723284572940334	0.035832252723220895
98	0.04575997542886428	0.12042670399965325
99	0.054153834534482845	0.09333028036118665
100	0.031675853048023325	0.048020431637650185
101	0.059338258391044556	0.07025948057906597
102	0.06445791688009185	0.062318716707579394
103	0.09530318784660415	0.04460322937850703
104	0.0776630939330132	0.029727161620025918
105	0.10813034660416843	0.05651692609651294
106	0.04238620869714495	0.024227275046938307
107	0.054452070337576944	0.022949570932253086
108	0.032267216991612835	0.017512520062074426
109	0.04438821398972072	0.05064020637853859
110	0.035283384338119235	0.09522021750425962
111	0.04474023727566777	0.08405083143205973
112	0.030476612111612185	0.03839365398339651
113	0.05330354643669996	0.0603691449333197
114	0.03658682310054321	0.04629351749151459
115	0.12326178480374662	0.0873742015662067
116	0.06459920135306783	0.04180808350469767
117	0.0673162208099902	0.0277744811140034
118	0.047441370318046926	0.019882140195538932
119	0.054856358871426245	0.015810955400785313
120	0.036503914683804185	0.024007192785771694
121	0.11562149348637596	0.036696886215171934
122	0.03283858480820081	0.08953517831417804
123	0.040123843203176135	0.06194994757682706
124	0.02276526186026926	0.03207019549210318
125	0.03304780517851644	0.04551017328658605
126	0.0445835509331693	0.06622141040667029
127	0.06936065245077648	0.0601373237556916
128	0.09628944026330472	0.06185967150345212
129	0.07668610946892691	0.033242451412423275
130	0.04569040071179397	0.019567186890484572
131	0.05602200290456682	0.016990097321443996
132	0.031446244148566525	0.028877563061435726
133	0.045906458063564505	0.0451064352049107
134	0.031261795532366854	0.06873121202501899
135	0.04249308990239378	0.05197482720196286
136	0.02792681662879099	0.023575527326851656
137	0.040178192503895545	0.04863880708786886
138	0.02669253106395621	0.03981882351875213
139	0.06750178371090738	0.08114842051600238
140	0.031701429318830326	0.03823257719220601
141	0.06664797618764613	0.037867213168140755
142	0.04109762218664337	0.020108618093755897
143	0.03976610378401949	0.01500662971292018
144	0.030229484253259744	0.016530665221487835
145	0.04855545786957205	0.02063405190171671
146	0.06722058850341314	0.055668947454362204
147	0.0690349539865099	0.03472446939655148
148	0.02681346504752812	0.025526297017350204
149	0.041158544195103945	0.04505024681307846
150	0.038304875160479736	0.07896674225821278
151	0.04924348756277429	0.07398603481554593
152	0.07244667262570999	0.0785087549293378
153	0.061574409224118415	0.044469272245079475
154	0.0393906920515038	0.024040180408323033
155	0.0501792816791079	0.01801101109543181
156	0.028498691856572934	0.017085919099988158
157	0.034475775856230934	0.023286169574495752
158	0.025123175599460847	0.0451877042245695
159	0.03363922053819046	0.031333564237490265
160	0.024763490908349277	0.015964944956248384
161	0.03946908151953521	0.04378310783450959
162	0.0319172267256788	0.052110841676795035
163	0.12145413790167757	0.07492856287847084
164	0.04446368560193077	0.05588157285795021
165	0.07678624988484849	0.071156687960197
166	0.03984425501816939	0.03343071548804977
167	0.03836010957247965	0.023643735636266504
168	0.027316023469586184	0.022842683440027003
169	0.031202910772220482	0.019712567540983775
170	0.022899760039398184	0.04072263093170004
171	0.0405837385659705	0.023121591140079598
172	0.02778484322438821	0.013723879480242536
173	0.03464390636017603	0.025417122455104288
174	0.025869010974686933	0.06330831787090356
175	0.038924864694587974	0.050117805993149744
176	0.041805586345559656	0.06894745803044762
177	0.04019854025464995	0.04393167756805048
178	0.05117315193522038	0.042676306344365304
179	0.043768254750890044	0.026415418035393986
180	0.026430698898747725	0.020340029724608317
181	0.06285085606350538	0.025120636573017618
182	0.02511179477509568	0.032490724702142086
183	0.03914717247024848	0.022496985991661517
184	0.022158039458316126	0.012945949014182917
185	0.026062412056517017	0.04084286698923629
186	0.022740077031899966	0.05031520140106066
187	0.03598731108148147	0.08102168255347753
188	0.054141148829442494	0.05428308482782372
189	0.07018590182052545	0.07364815268514326
190	0.038974157486605494	0.0394415005805538
191	0.04552892222749713	0.029325243408073527
192	0.02702606177232131	0.02173913221434519
193	0.03022212313097635	0.017161859475988472
194	0.021330700854679308	0.02527874249727118
195	0.028133876512964225	0.016230821852226837
196	0.021020842221055738	0.01301215536306957
197	0.028228833305843845	0.02552686071960924
198	0.02094447319985558	0.05508398324543878
199	0.035904490245443184	0.05095601439987065
200	0.029595243224938894	0.0757540210143352
201	0.03210797398113627	0.055488659289284696
202	0.04489793590448873	0.06288743826927899
203	0.038415389388624224	0.035626877917429696
204	0.02644798867248179	0.021283106068237714
205	0.09751835137849545	0.013142856874298899
206	0.04210088048122973	0.021918722764861766
207	0.04917365645821998	0.016217243401613343
208	0.02198228324410514	0.016155004083689424
209	0.026106583597260515	0.03628369297328275
210	0.018886279067684624	0.040326498904527386
211	0.024435559589188093	0.06914351172427831
212	0.020414152237501346	0.04572721261634714
213	0.04010995114949584	0.06987149436011124
214	0.027069468440543958	0.040216874105104536
215	0.04053380461168886	0.04424203693898009
216	0.024624008334820396	0.025814353100314612
217	0.027378132132470083	0.016711165898486136
218	0.019700288872144017	0.018578725489606457
219	0.024817356957371882	0.013244738656808565
220	0.021543203599643707	0.0153763034850449
221	0.02756735836082781	0.027045344737942324
222	0.021009609425130017	0.054287413374044566
223	0.07109306518883517	0.04787361154221353
224	0.027582489283708687	0.07557679806759175
225	0.03314944458821493	0.054741693879293826
226	0.0327992441666096	0.06752749884747739
227	0.02967250905491956	0.04082140489437417
228	0.02406644079072741	0.030730365718103406
229	0.026003957783808256	0.02165292211531013
230	0.017543994296596983	0.016229267639976192
231	0.04216249154166439	0.012499395190512566
232	0.030525694342633428	0.010257798531899042
233	0.030171974198845954	0.03266786600592665
234	0.017096614208179498	0.03499329530161914
235	0.025934306286588615	0.0596257696844761
236	0.018621085083288733	0.04879377815559837
237	0.0277753984111022	0.06958255252189308
238	0.019994252799819357	0.0441903875809781
239	0.033506839094617304	0.05597298645517265
240	0.022921181935545324	0.03305861155334958
241	0.03943455201479382	0.022835693534178022
242	0.02552857989954475	0.018829669464307173
243	0.02396983094435433	0.013870635291533663
244	0.015818927764393687	0.01573294361299602
245	0.020097786740564633	0.020935928410053317
246	0.018092925615445017	0.04356699774697636
247	0.0827159854867457	0.03637341162348508
248	0.05835790382901595	0.0618042410197329
249	0.0549124354805428	0.04505957207288905
250	0.02592027146906396	0.06470312190197118
251	0.02856641297442484	0.039992654229438526
252	0.0244224084084907	0.04152531855331052
253	0.02384857422827301	0.026555845754345112
254	0.01650159082721809	0.018221161206781657
255	0.028175022887158896	0.015630995877317283
256	0.024456730701251487	0.014100933476795726
257	0.024351387852256334	0.031483777156091276
258	0.01630902030536098	0.030913929443933882
259	0.020740114708551357	0.05555088398090915
260	0.015043204653499858	0.044516506461508204
261	0.02250594560870848	0.0660256649568512
262	0.01990487578912391	0.04435241661272874
263	0.029988851764326058	0.05708024151569156
264	0.021330831837934203	0.03380012638507804
265	0.08472038227990254	0.02361315606443224
266	0.02509378694336727	0.01989215134405175
267	0.029998904442872072	0.013799533847176734
268	0.017107468839419517	0.018560847942693245
269	0.02025897555475411	0.02082399791076634
270	0.014437546583995238	0.03692078383136779
271	0.017854184490539885	0.03222398650752771
272	0.014301718792214164	0.05383812533522541
273	0.02813007768946726	0.041400004283848046
274	0.027446386479313592	0.061104632296794144
275	0.027543864371712724	0.03976613321208668
276	0.02009718072354034	0.04771058095960526
277	0.025151480205388245	0.031036798593642424
278	0.01577666023529564	0.021385583285434908
279	0.02220268973302454	0.017067207517746215
280	0.01588455738813573	0.016534449051682866
281	0.021701684389752455	0.0283473026289431
282	0.015487660308970495	0.025673660518045354
283	0.04017442744942853	0.043952382686250006
284	0.01434909716257568	0.03749369139668768
285	0.023192209065353884	0.05825986320527238
286	0.01376462753249616	0.04027369962747067
287	0.019082893778887527	0.05652367732328864
288	0.014165642556354543	0.03292846859453755
289	0.022641300946668958	0.035844189669033695
290	0.054199478093398736	0.020764130963249996
291	0.04992606101611239	0.013744057027223701
292	0.01976499935057476	0.019626154703681068
293	0.025307934610586166	0.018455980600963033
294	0.01354464534643299	0.0332907383107844
295	0.01933963460317083	0.02990204854110152
296	0.01329036028800051	0.049338971678322165
297	0.017998298285580194	0.03626810351999044
298	0.015721166414292775	0.05616977500897203
299	0.021683098767727425	0.0382780606475643
300	0.016599612838262667	0.049093277618290625
301	0.025305071513612522	0.034145314676333104
302	0.014722444797958843	0.028739512642991603
303	0.01925800322068466	0.0222755698311413
304	0.013227988393749422	0.016227355504933195
305	0.019138349245537003	0.023387277443014543
306	0.01970796414461649	0.020678991731087372
307	0.09362279719252153	0.03008271662010889
308	0.028149344603259907	0.029865644229590853
309	0.0384498080343583	0.047927280785922795
310	0.015431349521670473	0.03648180216643571
311	0.021652282055481538	0.05148691345415234
312	0.012922899992753282	0.03433060037393143
313	0.017132146203659906	0.040240613610836994
314	0.013578856969488708	0.02705145517577555
315	0.027452171567695548	0.01909046921887149
316	0.013679611953896921	0.020078246085153136
317	0.0215449835344861	0.018333414415292654
318	0.012867174533434823	0.03113804960220122
319	0.021458718746297515	0.02583168113227667
320	0.011964087417947482	0.04307987210555651
321	0.017104730953277143	0.032953566110522074
322	0.01585311671326881	0.04922590391220116
323	0.019592423633592627	0.035023225426872875
324	0.018115930715471566	0.04625577902624358
325	0.056554147886251654	0.02933678173518716
326	0.018729973526844728	0.030332556888164084
327	0.027810178822137356	0.022866384002217733
328	0.013458921950043218	0.01760553056465411
329	0.01629788632473219	0.022661517192492802
330	0.010953825381647072	0.019094038579040618
331	0.014735790013746516	0.032240284454536354
332	0.01239911444252712	0.026772628671689065
333	0.025682109357917822	0.04042929141457749
334	0.01816951941562768	0.03075768509938576
335	0.021519193794587405	0.04615169167518825
336	0.011603282456015232	0.03144860750762995
337	0.019846720816924596	0.0413642818482649
338	0.012080926636546597	0.028659892415988004
339	0.017174277362691902	0.024325464572457257
340	0.012747203902158092	0.020623847356222216
341	0.016770692905779018	0.01582399484488972
342	0.012401998149124733	0.02301830297893076
343	0.029813290194019224	0.02012995514535332
344	0.010976240880639712	0.03418025874553393
345	0.01728141468160638	0.0288908545668146
346	0.010537209300178508	0.04162844009730845
347	0.016759660446340096	0.031064389325230878
348	0.026300643129133015	0.04257259270127026
349	0.10978896013456266	0.021516003729969785
350	0.02634893160778977	0.03326114715243441
351	0.032863804988987236	0.023252991289227247
352	0.01516510602315051	0.019649164760417146
353	0.018333394747291717	0.020289868935628237
354	0.011684780770728058	0.01787082860193012
355	0.014202536057104575	0.026851433361445572
356	0.01129455269091373	0.022738648111801145
357	0.0261227032699907	0.034991033249240605
358	0.013163563412427819	0.028116544481439968
359	0.016136717355730083	0.04125214630408844
360	0.01168082942914615	0.030017693371801032
361	0.018627864936052816	0.0395163752681092
362	0.011101158688045508	0.02726181681756443
363	0.016481159687004622	0.026397040506303468
364	0.012435670147717402	0.02151290194011272
365	0.01823889342480125	0.017436153928289785
366	0.019982124194786042	0.020912115266195873
367	0.04513075403104176	0.015793300253989662
368	0.01952787212392574	0.027889899852517747
369	0.022852341863007282	0.0231114718215505
370	0.013461250344441107	0.03616040221765796
371	0.01612955482432443	0.026703926155203936
372	0.010474609793836792	0.037965088942761446
373	0.015915375044364233	0.026922101039392174
374	0.010546208673083226	0.034629906997772845
375	0.014337677669187577	0.023770079587825208
376	0.013916222945556472	0.02153347609621349
377	0.01632593809930191	0.020508700713780977
378	0.011136287125812137	0.016463431731330466
379	0.017807259917653466	0.022607084251782306
380	0.010912502941178077	0.01997472216055333
381	0.016703612249648066	0.031115719696407224
382	0.01143198755737193	0.023372394215410982
383	0.014374429870776292	0.035410190906443095
384	0.015309116391188305	0.026123427232033584
385	0.028147230849066892	0.034285579837053264
386	0.01257289340987364	0.02514373702641515
387	0.017241068509218815	0.027106071943809828
388	0.01042886702956828	0.02148385587708099
389	0.013891373818890277	0.01847155652993013
390	0.011248114080803824	0.019308169246446176
391	0.0288324185704804	0.014265244773106072
392	0.05187439507753328	0.019953323766488132
393	0.03567518564384876	0.017605263781135465
394	0.01438180388187549	0.029070694614401437
395	0.016362020837434064	0.022907752505757037
396	0.010670560316780712	0.03391415789665585
397	0.014700633323470831	0.02485475476333766
398	0.010774989231388372	0.03147709918510315
399	0.013434781116891743	0.024445074323552946
400	0.014432034293536697	0.021913394275374372
401	0.015226252465972765	0.019609002296506764
402	0.01165148476856542	0.01562761273424952
403	0.019144061858762246	0.019142302679968453
404	0.010819649288916846	0.017863583891100633
405	0.015552634407705927	0.026323123374181665
406	0.011970486057466144	0.020752435555065844
407	0.016800597432484885	0.03000978643187554
408	0.02755008951058975	0.02163315955817713
409	0.0865255682093927	0.02536214931744367
410	0.015686837748026917	0.02265072250963512
411	0.023854299017845283	0.02593286965738778
412	0.0115990256101212	0.021428720590042603
413	0.014605893400349613	0.0195961189481048
414	0.009936474554212137	0.01875672875648656
415	0.011735606319343549	0.015646613864760323
416	0.01110699762357128	0.02119573362907826
417	0.025517876482021102	0.016323493916134104
418	0.010505363276442057	0.02586339466490799
419	0.013959423561157314	0.020779431966519765
420	0.011386954401132604	0.029941932818047915
421	0.016376623877060972	0.021214406595618386
422	0.00989569167544252	0.030353289394973844
423	0.012230779895215375	0.02310370726750689
424	0.010656902276596953	0.0223576989201675
425	0.015091723120046552	0.01796413803525643
426	0.018472981241880196	0.016048686018226784
427	0.03405284025123891	0.01690602149481052
428	0.013597148090242515	0.014576766986481245
429	0.02105968878096651	0.01977539750474464
430	0.010263437028752556	0.017345161587210972
431	0.011331049208416226	0.025366766599850744
432	0.00851732978068124	0.020211185403729043
433	0.012112110260882313	0.027200459865946512
434	0.014172581471711571	0.019534644060387192
435	0.025218368251251726	0.02489632630672605
436	0.01271862233830509	0.020111982076189062
437	0.015007058348227496	0.019782252679040813
438	0.01065821888140412	0.018078827906690433
439	0.014156915309886638	0.014436508471648596
440	0.009842583821536034	0.018030585205166146
441	0.013278375632947089	0.01586904230851021
442	0.009912104235770785	0.02225651857140907
443	0.012804734974485256	0.018555345384939186
444	0.012332182232802129	0.024932358558442513
445	0.015376217364460903	0.019034263993126063
446	0.010045756440465639	0.026601956731967562
447	0.011577499486412008	0.019490247855004597
448	0.010271278026672945	0.022762082769474633
449	0.014805955525700276	0.019329031571190255
450	0.04475175343587914	0.01345297378169014
451	0.10354013310597357	0.0078003562944476326
452	0.018919620731835195	0.012438521947810888
453	0.02182594975445437	0.015967971062385587
454	0.012938027141945507	0.015267966351535387
455	0.01381179803330541	0.02150656892999663
456	0.010264937398882281	0.01678485952311239
457	0.011608344284753545	0.024096161585688766
458	0.013266494744149971	0.018513930512426193
459	0.025436695252791124	0.02264173977988868
460	0.010557724955670336	0.018443652638215784
461	0.011659838419095939	0.019648751299804857
462	0.013248476976544871	0.016354382847062636
463	0.014968824980122605	0.014119923179271044
464	0.010119848138850623	0.015767790521415328
465	0.011910910734128567	0.014553487408539
466	0.010914523367057803	0.018548681775456537
467	0.014917083547070728	0.014836109497836411
468	0.020711361978217956	0.020441167273974013
469	0.02178722042324887	0.016034826942479954
470	0.016478685504431375	0.022163939694409288
471	0.015822248898868584	0.017905885849127282
472	0.012391996462130574	0.021123403994498358
473	0.012295376400474184	0.017057035816060304
474	0.010614732261026084	0.015590491945645567
475	0.013729646174157908	0.014411403832687455
476	0.009372481142041087	0.013531354955243621
477	0.01094450406712345	0.01621982408249754
478	0.010376902574732694	0.013327832160742372
479	0.011781154276916075	0.01843318290430885
480	0.011857552271858848	0.015120044945672314
481	0.013876117572980535	0.019689414040830522
482	0.011008396466115747	0.016381728537294155
483	0.013194433495450294	0.022263103162060528
484	0.009991591257472345	0.01660757309142535
485	0.011399319394110832	0.018044375058605296
486	0.016782912619484457	0.015119285342239943
487	0.017278239349880126	0.01369258296432206
488	0.011903607345336001	0.014504199347461303
489	0.012284417561350822	0.012800831585675257
490	0.00967735622371388	0.016003855918341896
491	0.011537696683859585	0.012989350012294447
492	0.01058022974743007	0.01770715407167835
493	0.031356031543579785	0.01266001322231915
494	0.036113433571328415	0.01726709921301006
495	0.02134870040722327	0.014780992950287694
496	0.013550158727556565	0.018234533865291
497	0.012902438415929765	0.015090812673885
498	0.01053532980809688	0.016010780401010904
499	0.011149378423170046	0.01465958992908482
500	0.01005944004993342	0.012814221615375265
501	0.011386008049968921	0.014208788891846812
502	0.012756331787307017	0.012049470737897446
503	0.010773023296789063	0.01593621792481645
504	0.011905232229976375	0.013194106032710083
505	0.013453478891514001	0.016366146810877825
506	0.010708410333781608	0.014086456657225343
507	0.01284748339958188	0.017782075868604127
508	0.011319884256622276	0.015063826938917984
509	0.014281506564103333	0.016953059214997623
510	0.031453911309584755	0.012197479422494157
511	0.06652474983038636	0.009063343875676108
512	0.016560259825067807	0.013188539516653263
513	0.02093927277055795	0.010146996020542986
514	0.01120900995993937	0.013219122759965568
515	0.011501268230205544	0.010330840500893442
516	0.008884037934263378	0.014895410557447454
517	0.009609828686805969	0.012970645919299997
518	0.010099381941108878	0.01790754075146693
519	0.019278218166122577	0.012136511009667771
520	0.00977159429768076	0.01814439557143825
521	0.01092587815266226	0.014769694227317913
522	0.012597542912369556	0.01508899272470124
523	0.013092315143141051	0.012676571756066615
524	0.009829272609065255	0.012336486057219095
525	0.010185135591425417	0.01248988109437761
526	0.01053049758569244	0.011440345138298072
527	0.011698260254070421	0.013184209740318253
528	0.022412800617112354	0.010136494372538824
529	0.029801616130046872	0.013422029592771955
530	0.014310646730670938	0.011466480127820084
531	0.01810114028359167	0.015329257457786643
532	0.009839908859183105	0.012687542214300355
533	0.009746804239381483	0.015224848964978468
534	0.009024787504656073	0.013193554842962254
535	0.010001367050693651	0.014246030141323739
536	0.012532524210172901	0.011266691289344502
537	0.015615010355082667	0.009609057813462805
538	0.011292607684074345	0.011804945500955372
539	0.011414575840139154	0.00989029773680635
540	0.010442210207337266	0.014003744810428358
541	0.010787063704305062	0.011659657689526096
542	0.009366885525787336	0.014901894454544417
543	0.010260359626681833	0.012228169153924015
544	0.009350719433189098	0.015777050196140455
545	0.0099283858808734	0.012008512747469629
546	0.013275258114104658	0.013608289107780776
547	0.01185030824213748	0.011749499057150425
548	0.010100278263480667	0.011384149670608402
549	0.009665866141486616	0.01202696511554649
550	0.010101964679555705	0.010041200523188309
551	0.012041744810922241	0.011632600222231983
552	0.04792432978493707	0.005947403518792187
553	0.08628722357920189	0.005532988917529518
554	0.016717641620480277	0.009931516245366426
555	0.01906872850217099	0.01276947944224519
556	0.012459411414090042	0.012357694754531492
557	0.011305425100525039	0.013191974766979883
558	0.009579725754361123	0.012750448524715947
559	0.00979674188294135	0.013493328476434084
560	0.014125591309706236	0.010434055177533388
561	0.020075225346294193	0.009548548636308253
562	0.009818015519925786	0.010286254248513552
563	0.010265228223673177	0.008628416097964612
564	0.012459354186541849	0.010750860288534024
565	0.010795922833854405	0.009589894664337682
566	0.009944066029806976	0.012387021543700532
567	0.010214243315776573	0.009698274006263163
568	0.01085461108534578	0.01313467082155507
569	0.012417972106774368	0.01079222595172358
570	0.02078885733260533	0.012104730218384766
571	0.017362144798401456	0.009727107282692854
572	0.015142287002027603	0.010238722583052754
573	0.012922455383299784	0.010509514290118274
574	0.011640845892393364	0.009084237674352492
575	0.010272827987824215	0.01035523737305347
576	0.01098037217796876	0.008675164843060315
577	0.010766634085070495	0.01204360135496401
578	0.008827647628248189	0.009241137764971638
579	0.009633154098969011	0.010715512552282034
580	0.009199621174823864	0.009503665665944546
581	0.009377057327150391	0.012752342148230424
582	0.011677450268396606	0.011152984850335447
583	0.011458655849700235	0.010920032345955859
584	0.011388398976565689	0.009936489058387819
585	0.010893529991885312	0.009462503004417349
586	0.009657545740140319	0.010176701385313854
587	0.009437817023594433	0.008377785072168596
588	0.016014222687041797	0.009067838453532987
589	0.012496672816156334	0.008148360299353672
590	0.011392483771341966	0.011361284179367635
591	0.01027935911066821	0.009652472467712536
592	0.010239486915669645	0.011346234643747516
593	0.01006391562095188	0.009422622729192488
594	0.010741336094234744	0.011728326197846672
595	0.029699948473265726	0.007166847255913276
596	0.029620151164417793	0.00807463703511575
597	0.017143834181446587	0.0082207528573314
598	0.013086064154174988	0.009165312974915433
599	0.01092009512916244	0.008904225221091059
600	0.010465945892800489	0.008255033911383982
601	0.009394608041791423	0.009960322720797268
602	0.009603550271241176	0.008106056035954478
603	0.010008387537591949	0.010616287508058484
604	0.011438160758849425	0.00906198671711457
605	0.008928876571530494	0.01039775440632486
606	0.011144286284386878	0.009183048236366911
607	0.010750330308636206	0.01073851125603889
608	0.010683296571391462	0.00884963202817013
609	0.0109466320229376	0.008755704341724258
610	0.010725588021154451	0.008165978039811464
611	0.012505673818157353	0.007797873466855827
612	0.03156591701726264	0.006331083847955533
613	0.05407667195890858	0.002338889641594969
614	0.015517669398601743	0.008117553144534106
615	0.01749504632011206	0.007762165669483852
616	0.010998204468380485	0.009829407162150791
617	0.009444503634884294	0.009419362659436508
618	0.00850716614080006	0.010812244944981371
619	0.008169804896079436	0.008415349034865618
620	0.010455641913519295	0.008959654864928121
621	0.015451255453187367	0.008563647740228518
622	0.009036450774952666	0.007531686867138172
623	0.008954711493292173	0.007899853821707506
624	0.012526947268493814	0.007175120123898144
625	0.01060441925347684	0.008193849245262678
626	0.009782850178705164	0.00776516515825115
627	0.008547598653149842	0.009710209203795232
628	0.010277187396618736	0.007942920410976018
629	0.00980185109064854	0.00926020061599057
630	0.02195919884151012	0.006795100905154769
631	0.022219412528301504	0.007846123110825866
632	0.014557626963630353	0.007619585641775252
633	0.014358229087188461	0.007631082318920429
634	0.008974888504834013	0.007845054667063235
635	0.0083089466872291	0.007130294175731754
636	0.008799492105417242	0.009176406401881769
637	0.008614095585704876	0.007480098274209582
638	0.011539123038114824	0.008066339953350852
639	0.011289617576474753	0.006543110706336688
640	0.011131547617002266	0.008771930131531347
641	0.009237818033402663	0.007310330702912074
642	0.010108607633049608	0.00836913937089979
643	0.008238803855213993	0.008329110627201045
644	0.009255101706802738	0.008934067709215752
645	0.008411530614253244	0.00803737182727708
646	0.008500077297202898	0.007848529648178434
647	0.007953765191027752	0.007959881639646775
648	0.011073618883564841	0.006169132076411069
649	0.008813510076258763	0.007401967734430516
650	0.00941877586634241	0.006470076167156181
651	0.008047001541231183	0.007417392945761813
652	0.010302974236190754	0.005785559557115283
653	0.010250852467284449	0.008019028575358803
654	0.058649939962255905	2.2702755384716246e-08
655	0.0627255811795291	1.493410086603157e-07
656	0.01711555784783747	0.006892584808840293
657	0.01576011298891493	0.006733223032332678
658	0.01090343932527946	0.0068121031649356935
659	0.009444789958755539	0.007434643667549725
660	0.009081030729541114	0.007550043042477072
661	0.008286051851909013	0.005950131423738557
662	0.01484158012090869	0.006986631582957209
663	0.014161984084249984	0.005605775002891849
664	0.009132633980877975	0.007609010734686858
665	0.008401686823096725	0.006623435736141094
666	0.012038277104811274	0.007520734253946785
667	0.008833042015343554	0.006931049887642065
668	0.009345079129583612	0.007734996144605893
669	0.008273895712610122	0.007152223732609092
670	0.010830814585997188	0.00712148912257993
671	0.00971220310328125	0.0075949420271473195
672	0.017442021804617992	0.004949433953016875
673	0.0129040508629952	0.005647671202385364
674	0.013230469050818415	0.005811238007123918
675	0.010403332887112529	0.006477416816276611
676	0.010199499119674061	0.006206234794023904
677	0.008373887679145106	0.007640470574247684
678	0.01016065130421676	0.006742397274994342
679	0.008495864096790358	0.007453344052439393
680	0.008336335858589143	0.007631284418109685
681	0.007849525944980031	0.007808700114375031
682	0.008761469526722649	0.006142690326282008
683	0.007872404703146612	0.006143735328040435
684	0.010463487467927465	0.005343934300902259
685	0.008961494067933605	0.006547246948917184
686	0.010547570541727523	0.005385333358853718
687	0.00865413555660464	0.005467743989202908
688	0.009246439692480367	0.00545930458133117
689	0.008145220835309006	0.005717770040491121
690	0.01330078680648706	0.005446841742677932
691	0.0088449934917216	0.004695330931344023
692	0.01057096371932592	0.00646640657422313
693	0.008059347557496	0.005395434535654862
694	0.010045718570653952	0.006138014049812775
695	0.008709860508053469	0.005767899881630885
696	0.009633809480015321	0.004745210890765021
697	0.028781656017012852	0.004044076430896876
698	0.0212389638145015	0.005634205616771005
699	0.0125869231881668	0.0048261120261953155
700	0.011534971438257114	0.005319524474106755
701	0.008588047855615484	0.005914549237535811
702	0.009246928038914805	0.0056029751312648745
703	0.007761378842538167	0.00741346684169231
704	0.008671438401481438	0.005550633690875766
705	0.009687487338532075	0.0056643535117532565
706	0.009679342052017113	0.005302583970838602
707	0.007397284405581242	0.00486656148024812
708	0.010950089153925103	0.004931577416120082
709	0.007963802156909158	0.004584849010791907
710	0.010686104298819448	0.004445204756133477
711	0.008656206259430664	0.004434694920423723
712	0.010369295507329995	0.005000814384357415
713	0.010682257374437074	0.005587590837070384
714	0.03965789931367782	1.0482481614252319e-07
715	0.0329194853433847	0.0033436535458728975
716	0.016277529774265057	0.004517778732721996
717	0.01221105586670893	0.00456671157453103
718	0.009766292300288103	0.0053878705848274255
719	0.007354404184021615	0.006001844369268195
720	0.007433507454121866	0.005659395000327627
721	0.006453557969834013	0.00601160594331558
722	0.011750880493345899	0.004260336084331559
723	0.010731397572994197	0.005267210738139994
724	0.00809328483284376	0.005212681021354598
725	0.007094938648547724	0.005917720110131491
726	0.011442772822517246	0.004243351021600827
727	0.008187868526490437	0.00564017041994393
728	0.008595818774902767	0.005133171516242058
729	0.00708397081799378	0.005399113883313125
730	0.009379524604651232	0.004768718241534213
731	0.007803758608297809	0.00565523449448206
732	0.02318679334169502	0.002070534954816298
733	0.0133300351576271	0.0038584276813511957
734	0.015048412645325682	0.004151980330361353
735	0.009725549792590795	0.0039101550342477386
736	0.00839264499549913	0.004898797482153639
737	0.006511717815260972	0.00394178332705955
738	0.007997622616535876	0.0054475487252878185
739	0.007346677391916884	0.004890595222789212
740	0.01082362695627918	0.004060755811302829
741	0.007910185946722208	0.004373866003185711
742	0.010753246612484524	0.005189709172179247
743	0.006976990498872359	0.005007115387457234
744	0.008617338357043734	0.005153346086270715
745	0.006689985082894649	0.005439132640451814
746	0.008227115128217137	0.004851369167796452
747	0.006478134710934599	0.004644980775082749
748	0.0079274496139875	0.00455763691173486
749	0.006328114319217073	0.003987499115027336
750	0.009219708758872312	0.0037250558585720252
751	0.006293888365877652	0.005572804741760213
752	0.008075480501610803	0.00448267285274738
753	0.0060276067442225105	0.0058086442098450675
754	0.009465844519353853	0.004298629218561486
755	0.009721073781545473	0.004520402238980972
756	0.06576448409070422	5.272511924350651e-31
757	0.0317245390163838	1.825852180159585e-20
758	0.01670575236572717	0.0033082511547893635
759	0.009968007421889379	0.002969657429237683
760	0.008743421505163673	0.0046211024474151815
761	0.006646163892690112	0.003361762642386505
762	0.007721650681768191	0.0057767009448451
763	0.006223157707547337	0.003319940044967553
764	0.015327693060372127	0.004153156960997597
765	0.008926016260075506	0.004391883716752996
766	0.007981115887864227	0.004297947767244136
767	0.006562921871281325	0.004541484589648492
768	0.011556402099974565	0.0030854924186166726
769	0.006769187841473777	0.0033573924620027285
770	0.00779352515652341	0.004942467004407013
771	0.006003993965756392	0.0036969028812936155
772	0.009509439157051396	0.00409528166826883
773	0.006924093469174655	0.004688552050393141
774	0.01413365212564418	0.0036873214047921155
775	0.009639592480684262	0.0029563512884935366
776	0.010952251650466267	0.004439168554718589
777	0.0076802664334491245	0.0034177339447382157
778	0.00830135994440788	0.004334472373131873
779	0.006306444966645246	0.004493910571413246
780	0.008680233059969154	0.002802766720570369
781	0.0062507673521165616	0.0037522563051743518
782	0.007091382725478498	0.004570168507132788
783	0.005665954436539509	0.003574788759692974
784	0.00701368695020752	0.003791026670840986
785	0.005413105129632701	0.0039318141066034765
786	0.008108364160693887	0.0035312495649884707
787	0.005740336843269823	0.0026776998633631904
788	0.008909984805713951	0.0028465193657471136
789	0.0060601754896088544	0.003206339425666109
790	0.007133338886667582	0.003907346498158078
791	0.005616393237515533	0.0027975411144957633
792	0.011059951523550332	0.0036015777885144967
793	0.005841103904704424	0.004400840802063142
794	0.008789910428680613	0.0031538111327162454
795	0.005365943941777096	0.0036113205835743532
796	0.008149259634785919	0.003250881158071911
797	0.006658069765129437	0.0038373471286887824
798	0.007675372115704053	0.002595477451300278
799	0.024501636798313898	5.7754655295282124e-05
800	0.014094033591447216	0.003167857647751008
801	0.008173452946450709	0.003101950224560821
802	0.008037951342009988	0.0035730388839611826
803	0.005201979225491296	0.004204512000621822
804	0.006663342189089609	0.0028515204629634893
805	0.0051391606375221135	0.004167673467556433
806	0.005676845260275068	0.003815811526464001
807	0.007231328518316974	0.003633201499966036
808	0.0062450363180598985	0.003443658294001053
809	0.004943788740699438	0.003408901448295037
810	0.00815948451584313	0.0023111759666099704
811	0.004990436894367277	0.003031708892724545
812	0.007829696574273367	0.003626167502273879
813	0.00487406989253047	0.0024824365820820056
814	0.006804919796088471	0.003422099296495892
815	0.0070850818960380745	0.0033425028340860535
816	0.034588396234808555	2.3056872871184906e-18
817	0.01887890705669143	0.0019193119572849492
818	0.01287491369076117	0.002986428704993662
819	0.0074541557082534035	0.0026413870910755597
820	0.005571964604314397	0.002177027725316288
821	0.004113801697177084	0.0038957722824981052
822	0.003509612365986397	0.0027990240520653197
823	0.003358789406210765	0.00333190988362941
824	0.008452086764844572	0.002369711898086864
825	0.0063077614547891875	0.002282509254329092
826	0.003597329614249735	0.00203567611009433
827	0.0033126041910455178	0.0037657626611830837
828	0.004062560123543138	0.003477519718969995
829	0.004327819590496933	0.003195357342253835
830	0.002666313272580726	0.0030449004030234732
831	0.00298522956054025	0.001905071810249946
832	0.0031917830197427948	0.002826284383343292
833	0.0036912736576125067	0.002597408204451204
834	0.012035038385729514	0.0017962747361341222
835	0.012546695743872913	8.132401089212402e-11
836	0.006604744660706855	0.0024070505248493528
837	0.007997021376892477	0.002751379515568898
838	0.002700948520410438	0.0028549491444488373
839	0.0028641446538211837	0.0021256500787205463
840	0.001532311143025013	0.0034453363379025777
841	0.002563093450683921	0.002714981763597941
842	0.002356497392113565	0.0023182129799826333
843	0.005157560439308961	0.002176166201334821
844	0.0017724901732575498	0.001634570554438201
845	0.0020950294984879362	0.0024798319084803327
846	0.0005879944795709112	0.0012016877132127082
847	0.0012701283309159315	0.0014321121415253944
848	0.00022751670940764199	0.0014968224231436003
849	0.0010824814023792605	0.0014249587800842156
850	0.0003325790258305004	0.0024143277241024616
851	0.00047656541518087164	0.0005639853891306176
852	0.000308863388452053	2.8090778535760184e-102
853	6.095232649485021e-05	0.0009397444694404666
854	8.612007153227195e-05	0.0006580185572939209
855	1.804439933165007e-26	0.0006012424493826964
856	0.0	0.0
857	0.0	0.0
858	0.0	0.0
859	0.0	0.0
860	0.0	0.0
861	0.0	0.0
862	0.0	0.0
863	0.0	0.0
864	0.0	0.0
865	0.0	0.0
866	0.0	0.0
867	0.0	0.0
868	0.0	0.0
869	0.0	0.0
870	0.0	0.0
871	0.0	0.0
872	0.0	0.0
873	0.0	0.0
874	0.0	0.0
875	0.0	0.0
876	0.0	0.0
877	0.0	0.0
878	0.0	0.0
879	0.0	0.0
880	0.0	0.0
881	0.0	0.0
882	0.0	0.0
883	0.0	0.0
884	0.0	0.0
885	0.0	0.0
886	0.0	0.0
887	0.0	0.0
888	0.0	0.0
889	0.0	0.0
890	0.0	0.0
891	0.0	0.0
892	0.0	0.0
893	0.0	0.0
894	0.0	0.0
895	0.0	0.0
896	0.0	0.0
897	0.0	0.0
898	0.0	0.0
899	0.0	0.0
900	0.0	0.0
901	0.0	0.0
902	0.0	0.0
903	7.682627880028914e-05	2.969724865428582e-99
904	0.0	0.0
905	0.0	0.0
906	0.0	0.0
907	0.0	0.0
908	0.0	0.0
909	0.0	0.0
910	0.0	0.0
911	0.0	0.0
912	0.0	0.0
913	0.0	0.0
914	0.0	0.0
915	1.7190880531237637e-32	0.0006455707146944319
916	0.0	0.0
917	0.0	0.0
918	0.0	0.0
919	0.0	0.0
920	0.0	0.0
921	0.0	0.0
922	0.0	0.0
923	0.0	0.0
924	0.0	0.0
925	0.0	0.0
926	0.0	0.0
927	0.0	0.0
928	0.0	0.0
929	0.0	0.0
0	0.00789935398019279	0.007036755772336029
1	0.6334095583766638	0.3821589181969037
2	0.00706078959551672	0.004687534298087449
3	0.0015966726354711784	0.0009136653872694835
4	0.0005550494370663869	0.000277659996675569
5	0.0013779003400296644	0.0009319927925577343
6	0.0008669214943504875	0.001001425096382238
7	0.0026610013372134556	0.0030391583575118493
8	0.001119250356194316	0.0007266827634773355
9	0.00036596114110511326	0.0003060408854211942
10	0.0006113392653444635	0.00027523890924088936
11	0.0014856349469475603	0.000843826853994913
12	0.13848464371488264	0.16902133154230828
13	0.22454845372248391	0.1837125431968155
14	0.08849616133621559	0.04488995211528985
15	0.0343808137739884	0.007426108467950806
16	0.3659704601882236	0.5009079280519633
17	0.35468393635282747	0.3082719983566517
18	0.018468792925332735	0.023571287849063767
19	0.08552679327348772	0.20220844651810133
20	0.001856539971100353	0.001834238701518783
21	0.0015025658123331606	0.001137281744568963
22	0.0017992602977127514	0.0017537723937325275
23	0.0021007372663177566	0.002058463362656543
24	0.17696142457214728	0.2688312128969975
25	0.3531191855478592	0.3325799545939111
26	0.11889889118174796	0.18033448551746983
27	0.06154404234561571	0.019214356663688963
28	0.015779045384393467	0.06287422202044492
29	0.027935322823118253	0.04962286655456854
30	0.006858279884905317	0.022581939477481473
31	0.015589483734070302	0.014622238864150091
32	0.05780346773669679	0.06326989332088873
33	0.03772324899338863	0.02284767128152561
34	0.00851078928879886	0.005580017983344604
35	0.30770163232068987	3.5195839806696023e-10
36	0.09881415746884006	0.11433819998257984
37	0.20057155933110338	0.06110921224510626
38	0.08640303213773227	0.043971567441160195
39	0.06134301258120465	0.023228084195596597
40	0.09025638454390925	0.07148054667366763
41	0.20638026361369127	0.07503750843832954
42	0.07633001718149307	0.04959507481615788
43	0.14458816527444476	0.02723154546480506
44	0.036691258066730396	0.019772717648897986
45	0.14638604218351312	0.03420216626309261
46	0.023324465119407008	0.007640069755853393
47	0.019745623626866764	0.013544127735476804
48	0.09790781702108338	0.1362463265452062
49	0.19041916693872762	0.13972665831804656
50	0.062036941443069225	0.05787942753628815
51	0.07986593424507318	0.021110023605437688
52	0.046407976279460285	0.03384778098000068
53	0.08934869562948901	0.025699199545858573
54	0.02949057106117386	0.00936552296412676
55	0.054700237257761714	0.0076078056184541755
56	0.017013191890742112	0.011192232128379463
57	0.03582586528967072	0.010520633002849984
58	0.05060929963780555	0.006070112278626454
59	0.14472893438525367	0.031148345502856428
60	0.08098187907721241	0.2389416419460923
61	0.08813859388896818	0.1374181756007971
62	0.07251621367793241	0.061508298952234794
63	0.06280894934603627	0.0519897322471022
64	0.058940608310415	0.026587484006573483
65	0.11008723111860275	0.03226870759510124
66	0.0445107173206269	0.01702512395475723
67	0.09553032404809987	0.009925239823711848
68	0.02819409637114908	0.020319695757516187
69	0.08613054264952567	0.025010089747762
70	0.02340635292154561	0.009723160557155401
71	0.07569641162754194	5.06264355512354e-05
72	0.058518991604487786	0.08559128713264318
73	0.1133822421482735	0.08856912856849856
74	0.04209219363579348	0.0363971210219317
75	0.06423070923265901	0.020216436959111805
76	0.040939805598634305	0.20895796672164169
77	0.10846911928946368	0.21446125472024455
78	0.03234319476365253	0.06448990904595829
79	0.058128320878519685	0.07630901396637385
80	0.05031566992652813	0.01715427120307795
81	0.047538883148498225	0.01788921529480454
82	0.025838264817447328	0.007997204639567027
83	0.061926373378292335	0.0049080490756934604
84	0.042788851889434674	0.053255438170633815
85	0.06463643420473723	0.04381470905959416
86	0.050415255936889364	0.03173572212134287
87	0.05367013338619875	0.018162971821172456
88	0.0273076545060821	0.01368189533119094
89	0.054129644805412845	0.018802269205578693
90	0.02439864364442532	0.0088015983886977
91	0.045640437623001955	0.006274534372484341
92	0.02826355816947882	0.009210569235030814
93	0.05073440573157195	0.009342599042500047
94	0.02546247619758003	0.004780617760211292
95	0.060470611204995146	0.004969658422362471
96	0.03868919216515508	0.053104192776468294
97	0.07546210344543473	0.058575879551704055
98	0.02783342271356316	0.02537834671256173
99	0.04036115967191882	0.014343907494050073
100	0.01966184192336107	0.014532732589127522
101	0.04580690333673551	0.024175386600587316
102	0.036224324501339465	0.010945668632907244
103	0.0806153455969245	0.022590295309005103
104	0.020571863031091663	0.012117711531870709
105	0.03745874272871171	0.015114986023889547
106	0.02045220762781149	0.00488600439216704
107	0.03087865538265836	0.005792047321415043
108	0.028446060871212316	0.03244917473680664
109	0.037381061703340164	0.030011259168530067
110	0.029802960456045482	0.02174179401356393
111	0.03748625498928405	0.012444503756123439
112	0.022024927116973597	0.010086321264686695
113	0.04381057950353485	0.009464018014769971
114	0.01894063491698563	0.004896195450514083
115	0.033960405290906284	0.004151120464159352
116	0.020799511702346493	0.005480989475031793
117	0.03716270125234764	0.014297167831735926
118	0.029358680997587486	0.011087534790302498
119	0.1371308429472535	0.044739874094346294
120	0.026551289733265183	0.0498234707728151
121	0.06853953345820395	0.05008977866700786
122	0.025602655779308956	0.02229891526477376
123	0.03284765118367164	0.016320456899468788
124	0.01778778195253268	0.007103894246625211
125	0.027061222528613003	0.00858772534390208
126	0.018123387107193124	0.004114251129011639
127	0.06702070208970448	0.01793355544003451
128	0.01776494313599679	0.004586757874526062
129	0.03970083634915012	0.005969129872532126
130	0.021859984600421663	0.003339489185890924
131	0.040493528537705104	0.004149690274171704
132	0.02297862869961542	0.0157030873758144
133	0.037404011377423746	0.017842316892778137
134	0.04133243850464261	0.013303822776285251
135	0.042453620520108974	0.017629468639465518
136	0.026774837886420277	0.07295264285740469
137	0.08528224163020362	0.10329099647980901
138	0.019572496129272355	0.04124533288230614
139	0.04392886839056298	0.04154768720236638
140	0.02024580524266765	0.015511034030889105
141	0.031107385769575516	0.012742069682112788
142	0.01818723672046256	0.005260777224675646
143	0.046554709367742385	0.005588446877375451
144	0.020475114016896792	0.016551708253253108
145	0.05960858929673643	0.022232374578969517
146	0.022456215754249616	0.011231723337593895
147	0.04543376543148629	0.017065097199630497
148	0.018478330186014687	0.005114230979813561
149	0.040762766834336855	0.00385860747518154
150	0.019303091364743594	0.002919292930423934
151	0.02925778928639524	0.0027976656888396476
152	0.021312049065973584	0.0023070132380074806
153	0.028757078666440138	0.003543908383741666
154	0.020862587138589534	0.002924141890202241
155	0.052547303359115886	1.3323188593462352e-14
156	0.02006646777917026	0.00881581657319339
157	0.04094514295523634	0.009380265535703366
158	0.023037730381135397	0.00939130759013548
159	0.02896457144462771	0.006307376492248022
160	0.02162831390254322	0.005951600415846945
161	0.056478663944246395	0.007081364365879966
162	0.03003154362309489	0.007340396447576752
163	0.06272151657350633	0.01682645044560909
164	0.02000422982951314	0.006927383681410593
165	0.03503654291218037	0.006902521687320203
166	0.0169137591778657	0.0041143013484303236
167	0.028408095496855395	0.003534829729589626
168	0.01650110476688245	0.0068700992360413325
169	0.03534734119690749	0.013080537146356232
170	0.018734099964943334	0.005900371261104448
171	0.03454913442929857	0.003951236713035661
172	0.01837394481921856	0.0024493830112267754
173	0.045296321115214554	1.4208804402859502e-16
174	0.019572294795075617	0.0017812986075988904
175	0.03461113932615114	4.024893916739895e-05
176	0.026857107330405243	7.163291036558673e-05
177	0.031413725063670156	0.002307859079121161
178	0.025180026329845482	0.006945976959708206
179	0.123030593853984	0.03919762635460568
180	0.023360417494814042	0.022933481576829038
181	0.04889583039658914	0.021684012218856772
182	0.020646477238157875	0.010679436625709271
183	0.03196621952375771	0.00815748535725274
184	0.019021414985620762	0.0038411046832040577
185	0.03122917205821101	0.016592742407942
186	0.020291444442224117	0.0041035929359044656
187	0.04667796191261607	0.0007551155973295387
188	0.024887643877904254	0.0015927196222040377
189	0.0402379560288923	0.0008996103773661575
190	0.01882812645544054	0.002229436820599524
191	0.03550121140836616	2.8645696432442747e-07
192	0.01596491939037957	0.003354561741104919
193	0.024772776556524587	0.006616820807153405
194	0.018761726512120495	0.004698642095522104
195	0.03182792483717828	0.0037570316558667434
196	0.021648344666786327	0.03146112756101881
197	0.06364381575611645	0.05559660808004784
198	0.01875300256023862	0.025999256812200017
199	0.03933037794966138	0.02514049798111605
200	0.01821366544669021	0.009823871944230964
201	0.02918338672294704	0.00720508567167054
202	0.016433864932058815	0.0026345466165167484
203	0.040122365671628836	0.0022637351270353608
204	0.017713636883693512	0.004439347032396841
205	0.049305635804481725	0.004746191869788534
206	0.019763436131698623	0.005606858252761692
207	0.033759989427397975	0.0030342343452429113
208	0.016850353446754136	0.0027932093254413415
209	0.02501968626074424	0.003860789809103672
210	0.016178029090890406	0.0029081385229990145
211	0.027451249690229426	0.002124998876371169
212	0.01612054061456466	0.002113856789451408
213	0.029877300797429965	0.005775744353551031
214	0.017058464193123114	0.003207074980987084
215	0.03799911995602644	2.527871133784834e-08
216	0.01535746853651484	0.0024195707738396692
217	0.029321050066233333	0.0032334901270026297
218	0.016040836854104113	0.002426727255450747
219	0.02409086513702388	0.0016303942934451905
220	0.021408276579539635	0.002385164919202495
221	0.08182308682779194	7.591522526198587e-22
222	0.028618625706412753	0.0035272706303122233
223	0.06234629832745185	1.3703958303094702e-09
224	0.019732603296711986	0.003720219439160538
225	0.028902516087064095	0.0034718138805746803
226	0.016307486713107038	0.002246507619032948
227	0.024320011726913504	0.0002855461638040366
228	0.016105081269361807	0.0020453629355906724
229	0.04019959585798913	1.4007170791862052e-10
230	0.018645735922329616	0.00279095062926242
231	0.035014807677951794	9.220983252360993e-09
232	0.018050117430938085	0.0022782537620804916
233	0.033385381267727735	0.0022459540796256217
234	0.01797000232563965	0.0025732751964968386
235	0.026443847329213184	0.00010999351058738314
236	0.025097545883350766	2.2336632587369358e-11
237	0.03321089525027102	8.824687590197501e-11
238	0.024297660439438644	0.004965108682917698
239	0.10038085410528401	0.017530966068345682
240	0.02151998929447697	0.011590901872186338
241	0.041858402693435	0.010050817410848312
242	0.019139016466106985	0.005227368749131584
243	0.0289907911628352	0.0031601366100520575
244	0.01625131705760455	0.0017619721054861874
245	0.035190822656221636	1.046055440038665e-18
246	0.016854072258564362	0.0017002250091235464
247	0.046437670537429844	4.029308296223304e-24
248	0.02424225380430067	1.0655596739242606e-08
249	0.0365100103429904	2.919100086814022e-19
250	0.017108613810467	0.0013576148351256987
251	0.030247521106107903	0.0021010426448035443
252	0.01530783879071035	0.001966681579080719
253	0.029776888480898187	1.8677835648212368e-10
254	0.017346761883182852	0.002052437329310806
255	0.03305611021368172	0.00031920296570022084
256	0.01841691023339554	0.01345091895560502
257	0.05714117693582557	0.02461145875866153
258	0.016026967648159675	0.014729962926249889
259	0.038971519987394274	0.013247337556759864
260	0.018146160527918148	0.006507473963367622
261	0.027606027945476567	0.0042950507602039995
262	0.023973466602628706	0.001455398895039642
263	0.04946704673033518	0.004923109748405601
264	0.04476547930653983	2.4239804333258598e-24
265	0.06099176350212265	6.880704596156243e-23
266	0.022593166043473875	0.0026746717038114067
267	0.03139532789567975	1.6242572807964232e-08
268	0.016555526375426895	0.0014918500590438576
269	0.023940833648351013	0.0002120193504127402
270	0.015942851041699593	1.4245993731256365e-08
271	0.030775543215559573	3.53711577852323e-21
272	0.023199182322976644	1.1762448306458094e-13
273	0.03525454978831789	2.8220889517804137e-28
274	0.017784376119903224	0.003343406651145608
275	0.03313155608122606	0.005090023806008714
276	0.015289719510353414	0.003278610640846808
277	0.02802063597125016	0.0026066952910739787
278	0.01890664987000637	0.0026791037101813672
279	0.03183441549306036	3.642514519595969e-11
280	0.03636829457477022	2.809038820923155e-19
281	0.12487842554267145	8.680178316195453e-41
282	0.030097717306176584	0.0018488234487118635
283	0.04741873876922009	0.004816307845504307
284	0.020294061647496836	0.002209585397191683
285	0.027516628866637506	0.0024465781442165758
286	0.016588878865771	0.0013794945503873514
287	0.02564038367795731	9.11127955105178e-24
288	0.019189154041617616	1.9286089759388637e-07
289	0.05371664591375898	1.1457284175193038e-40
290	0.0230343439836293	8.492567953285437e-20
291	0.03027785030769331	8.83082416193144e-14
292	0.01660941248057313	0.001203195576092929
293	0.025833007883592038	3.804056371198616e-28
294	0.016555520060254788	9.415748558329566e-18
295	0.029865756754754766	1.3858537785129962e-24
296	0.018581395534684995	1.7919317562045062e-09
297	0.03142102513202353	4.032680227169953e-24
298	0.025809197248909392	0.0038072943010824013
299	0.06914273181421478	0.010564236979918951
300	0.021023873527293895	0.007501929749174329
301	0.04123587990022364	0.0051847716602965105
302	0.019271283417929098	0.00348484873818046
303	0.026228112131068293	0.001895839729872538
304	0.017297773771796386	0.0009104085223213702
305	0.033862032110168465	5.593587299728722e-29
306	0.02653055546840625	2.514207387974992e-24
307	0.047481563088713895	2.8596438921070643e-29
308	0.019992713488833604	0.0011960410282216094
309	0.02859957611822226	9.764251618134752e-19
310	0.0157573115604295	0.0012157062197335534
311	0.02235905213066696	7.751697629630651e-17
312	0.014534456636239663	6.472805349091461e-08
313	0.02543299294060715	0.002004565286809211
314	0.018155279869414755	0.0008478224491335685
315	0.029036032530777113	3.160519529940879e-16
316	0.019967672545378613	0.007309559571732532
317	0.03473145324081624	0.015325728425739196
318	0.017173691504951818	0.009604308707043928
319	0.0285937362425078	0.008011465656800677
320	0.016776111681458167	0.004520295460887607
321	0.02493167689019603	0.002830784599327013
322	0.057816111112139836	1.7568481470091434e-43
323	0.10899491785546658	7.794199417354715e-53
324	0.028784830510124104	6.84680915943368e-13
325	0.04206854784163867	1.0550450581516136e-18
326	0.01884189203419461	0.0009320752587651579
327	0.024382787361791423	1.9506343255483854e-12
328	0.015790389681764563	8.477964544082281e-18
329	0.0212439287110001	0.0013841146842445205
330	0.02579935550000457	4.772772953408347e-27
331	0.04899828123568068	8.121777930124911e-44
332	0.02041282886718484	2.3810058798997804e-34
333	0.026467064175037903	2.5850558221008113e-15
334	0.017366870698486307	0.0018493721893739785
335	0.02388733331671164	0.002749559868985662
336	0.0147041879141847	0.0019174159047891466
337	0.02121420262213668	0.0002761929616211596
338	0.019907994585024263	9.378785622782691e-05
339	0.030051552693300038	1.4343966584883211e-19
340	0.04064339834548126	1.7368257452253074e-28
341	0.05840489587860798	1.8036378796710277e-26
342	0.02868533092527588	2.9383447280723334e-16
343	0.035140216702217446	1.0361364716597044e-10
344	0.021226646069660113	2.5029490689462195e-12
345	0.024024145308245672	7.438527043870658e-21
346	0.020310770868778565	8.924869204326035e-15
347	0.03128152065961239	1.584891704395883e-38
348	0.024978464310835204	1.1571180868943191e-37
349	0.034786835431799494	1.798402567638199e-37
350	0.020883551019916652	8.073942504880579e-10
351	0.026293988659732998	0.0018437441610604976
352	0.016982287452031525	4.941266402401864e-05
353	0.021080580338559942	4.291046865963539e-23
354	0.018884015349296727	1.3297932029660864e-18
355	0.026739483474284904	1.9271473272611916e-37
356	0.019607089643569494	6.413777131592061e-16
357	0.026515975337035938	3.072637036963801e-21
358	0.024282649265580686	0.00408188049830899
359	0.037184862752093574	0.007769375774162603
360	0.019092632792137215	0.005393339651143577
361	0.02609283646084035	0.0037346469339404266
362	0.01791771044530765	0.001906441477019166
363	0.023114779705872276	1.9420235750037496e-16
364	0.07564923029633361	1.4568527172786889e-59
365	0.10802183921294936	5.030042443605311e-57
366	0.03166150504631549	1.3497192761540153e-41
367	0.03498546214719762	4.7652329899491883e-32
368	0.0214240694342157	3.906011693907217e-27
369	0.023663208815754608	1.6257375070863833e-27
370	0.017374625337554937	1.4354769807439982e-19
371	0.020030799104106812	1.3184712046772676e-25
372	0.03308197088434036	5.120329632433424e-46
373	0.04643454901298272	1.0106595360051781e-50
374	0.021755766598746475	1.6184718470428918e-23
375	0.02391622310634428	4.4235866631933e-19
376	0.021059025681385745	0.0049178026553592605
377	0.027391550267527594	0.00924576876396168
378	0.017965439714424	0.005881213893309874
379	0.023764427834793277	0.004949717277009913
380	0.022360542073670307	0.002370341104136994
381	0.029024465834650744	2.0111074918817883e-06
382	0.037078822662483954	1.978990511122639e-34
383	0.04849179959062723	2.206571868140811e-39
384	0.02781667792626585	1.4249978453979738e-24
385	0.03344493308015466	2.64516906449331e-26
386	0.021667026090153616	1.4858051850091741e-13
387	0.023743853787919635	3.521797545304385e-13
388	0.024678354227736003	2.071969275235075e-30
389	0.029478023763269808	6.199253044913512e-35
390	0.020614060730686463	1.0298790797915202e-29
391	0.025902733178957818	1.0766548043122169e-34
392	0.021058546862957	7.570035465634061e-34
393	0.023970125760601788	1.1861419198564077e-19
394	0.017809652302153662	2.613801188637212e-10
395	0.020429683267965567	2.891828209009675e-07
396	0.02258544967195569	1.855943517567172e-18
397	0.026015663857597043	1.2026092718635776e-30
398	0.01912233433482215	4.0504324369020185e-28
399	0.022014445905552724	2.6637338705510083e-19
400	0.033060858398249286	7.589284336474072e-21
401	0.04408014173667811	1.2773884282576656e-16
402	0.02346328030671509	1.8272489490136254e-07
403	0.02921747847229142	9.035244666401221e-23
404	0.019532794449485313	2.1683190374303493e-12
405	0.02142281714028047	2.050752082544176e-15
406	0.018133886982233876	2.129731818642068e-17
407	0.023957766427211428	1.6052305835622867e-37
408	0.03467210183076554	6.881086963915659e-60
409	0.038892508253329884	5.96139607561725e-58
410	0.020088873470348913	3.454891040485955e-32
411	0.021408845618063284	2.2628490452491678e-27
412	0.01646699569043524	5.1685091041406664e-42
413	0.017215130105027166	5.188807200116733e-15
414	0.01684592375798205	3.7681425309195736e-27
415	0.020294944689862135	6.647730621842997e-23
416	0.02468929736589012	9.583680241245273e-41
417	0.02442123291373487	5.471117642164352e-17
418	0.023784392735101138	0.003848472510451638
419	0.027523417412751685	0.005754211799677824
420	0.020183064173590826	0.003941507907218817
421	0.023500822322377195	0.00289315757197961
422	0.020125463150259953	0.0011719946603362895
423	0.0217867872398925	1.468481778357361e-10
424	0.06281378085761159	4.409751877319894e-52
425	0.10404200307756142	6.202886937140764e-63
426	0.029115627865361916	1.2904148022316917e-33
427	0.036481904057348954	5.193448970987946e-33
428	0.019189500532245052	1.670495183492432e-20
429	0.020151018757997734	6.83486730932774e-29
430	0.016769767037025016	1.1285371839830882e-21
431	0.0172565063310537	1.2456850632925618e-36
432	0.029186706001990543	3.0923203251281285e-35
433	0.04522675269512631	1.6459122849199727e-53
434	0.021312861114573152	7.013394683189227e-31
435	0.022234468789255057	3.32533741066839e-30
436	0.018478833250339968	0.004107240654318972
437	0.01759571736580277	0.008141588358315495
438	0.015477113972320008	0.004986964373929508
439	0.017069941709021735	0.004512414868871792
440	0.023025431838735795	0.0016476314824395487
441	0.02591904041888522	1.3229894729131067e-10
442	0.04451299942875344	5.5727707139645606e-43
443	0.04896367739555369	3.996057951544955e-46
444	0.029133314841871823	2.739012698365073e-31
445	0.0314338114876708	2.9228746948141063e-24
446	0.021344495158528366	4.457281123888586e-20
447	0.019135497755421914	2.3355651709993025e-18
448	0.020537097296443	2.3841981080498783e-19
449	0.025790791830210585	7.396834566553546e-17
450	0.027469884314406362	6.1552913824560616e-33
451	0.03295650843951023	4.378049241689803e-52
452	0.021198598381405958	4.267918029209013e-59
453	0.022295246958496943	5.3474379770899526e-36
454	0.01886973408073617	4.81357430421099e-26
455	0.016219571682775064	7.318467026368451e-15
456	0.01955444449932293	7.27796650675205e-33
457	0.0227965426788277	1.4449197009906302e-29
458	0.02083108028279293	4.503580419508644e-43
459	0.022776906347447903	2.15312626427198e-52
460	0.023938788363226656	3.870513785879244e-23
461	0.02321659803804584	9.096741610417569e-20
462	0.019228593689604376	1.577513695667187e-17
463	0.01858192047754978	9.01480436658715e-11
464	0.01935889549237897	2.4773832304433386e-27
465	0.020463325742104754	1.3381692167535778e-58
466	0.08034399681787008	2.3220301540724188e-66
467	0.11020001217349702	2.5720280653141153e-66
468	0.02756552886133065	6.178962980768399e-47
469	0.027544642308164505	8.6751352372753e-44
470	0.019928619475900907	5.404823472146583e-32
471	0.017930490637949104	9.220205038144595e-31
472	0.017557705805792172	1.873885418497064e-27
473	0.017127426273846086	5.674244823917629e-25
474	0.03964879866877665	1.948096439325642e-62
475	0.048391334030122	5.373784686540198e-73
476	0.02065905368616859	1.442968763809608e-28
477	0.019444731371953437	8.57547235045553e-13
478	0.020973679348638762	0.002809245436379495
479	0.018978378945229822	0.004044132405530752
480	0.017793944577967527	0.0028629919887007663
481	0.01838132798247478	0.002312244071144719
482	0.024162435485269293	1.721732523206966e-27
483	0.026296209413726027	1.3084656706071452e-37
484	0.03239877289271349	6.170679552993938e-35
485	0.028340250691570132	7.16875056749509e-36
486	0.025002778889187317	1.4093575498494155e-37
487	0.02590942707324049	1.481881158505832e-29
488	0.022599908895691193	1.946392105278241e-30
489	0.019799153977515565	1.253272938124914e-25
490	0.02834441011391442	1.1530898237587912e-60
491	0.02641910752734369	6.829113623036703e-52
492	0.017927572215840657	2.629750161810066e-33
493	0.016873361900875444	1.5293326378461737e-61
494	0.01919536894018222	1.7070190571966915e-40
495	0.018150421031822562	6.613744658513271e-07
496	0.016975235070986253	0.003987039890270458
497	0.016407710127531748	0.004827939950558924
498	0.025168450444185964	0.003710121922513664
499	0.022622970717273237	0.0025776147767778788
500	0.018280179460776463	0.0015305398594348024
501	0.017063347855143463	0.00135625696024962
502	0.030158125888011464	3.7861793620323746e-27
503	0.028033455021579414	3.4068582828260665e-31
504	0.021558477685993328	7.189189781801149e-29
505	0.020896418585053315	1.0776247638047477e-28
506	0.018776630672806837	1.2584977446048192e-37
507	0.018193359424721344	1.3111797855418969e-23
508	0.016967201205599282	2.1112694549942376e-31
509	0.022944258484731382	1.3830665324900166e-31
510	0.03398785199072036	5.63782268756907e-77
511	0.028125155312599626	6.760242067585114e-47
512	0.019044324696228104	2.810857791750593e-56
513	0.01623992215477473	2.3912742623615575e-28
514	0.015757144352264177	0.0010481869818016896
515	0.014349857974511994	0.001081814642633047
516	0.015677567748852504	0.0010799247886819968
517	0.016131072108296382	2.0100009153477334e-05
518	0.020618059508768712	2.0425056655551553e-35
519	0.01707639406878172	2.3769134094297014e-23
520	0.022253067409762444	3.722964601172124e-15
521	0.02218730946387995	7.773400738523314e-17
522	0.019966403019418228	1.2876973666740347e-26
523	0.020081684473615385	6.32105609920857e-29
524	0.019280522594975338	2.1773539688714065e-47
525	0.01817108288116017	2.855645248512992e-45
526	0.053708264469974884	1.7170863048956466e-66
527	0.08567894061971253	1.8103520532965457e-70
528	0.025603665428249822	1.8059836692252473e-43
529	0.031001761035680548	7.430129640914214e-60
530	0.01851851442273058	3.3485517606934304e-39
531	0.01658727142507384	7.177344281822501e-32
532	0.01486206257067546	4.7135032109899396e-49
533	0.013461726848541458	2.8213802404533493e-23
534	0.02605677509863372	9.870296324912826e-44
535	0.03604389563138305	2.2262244450275013e-68
536	0.018423374844386244	2.7043936087237637e-49
537	0.016714376530443394	7.036364120172574e-20
538	0.01652588541053249	0.001769089284803135
539	0.01337080847114145	0.0027657983390329223
540	0.01400795016527887	0.0023380484633680467
541	0.0128627587726409	0.0013221048342352969
542	0.019609065007600204	9.47212605497292e-13
543	0.019529679683978708	5.985648848959909e-25
544	0.040990894371454506	4.68748469677922e-46
545	0.04148919497670746	2.4382568754661625e-58
546	0.026511769739956458	1.2784705554015685e-60
547	0.02739844254868991	6.182549356885878e-38
548	0.01753183000524508	3.532627728602601e-54
549	0.014540809113258984	1.2401563265792693e-32
550	0.01730277799695247	3.3432993542300983e-53
551	0.019660063895440495	4.235556368527431e-56
552	0.024280437818517246	5.645286754051527e-54
553	0.028137319851644714	1.4715810045130946e-75
554	0.02012369798385676	3.4538688404135065e-52
555	0.018653248929632823	2.3927926384937935e-15
556	0.015263045937257238	0.001671135298432683
557	0.01273052873826395	0.0026000177022453886
558	0.01747844904287862	0.001474480662454159
559	0.016757480100701713	4.09806566326057e-07
560	0.018968076096426548	1.6267786606464928e-26
561	0.01833614237826938	2.5743173664652554e-13
562	0.01999289305941031	1.9685322132513895e-31
563	0.015891232828890225	1.8761840440618988e-30
564	0.016288200521667223	1.8942552239357012e-31
565	0.013747958032232851	2.191520280999703e-31
566	0.018423489282605923	1.4751665373912237e-50
567	0.018297971762288354	4.365189767028996e-31
568	0.07414101083673252	3.1738268272029576e-63
569	0.10964277336634672	5.434376533195466e-75
570	0.02422926430265662	1.2520491591099766e-33
571	0.025814386270239884	1.348219451279706e-68
572	0.016330019116520118	9.101757352696141e-68
573	0.014474618386192536	1.2821850311317825e-32
574	0.01536174601408282	1.7679335629302855e-20
575	0.01373431917086784	2.436933593415564e-05
576	0.03586359549841732	5.282645852298058e-49
577	0.04254193797116525	2.0136657354342933e-55
578	0.01841608700685824	1.8426476476638332e-49
579	0.01608621362877454	2.7963372903686934e-26
580	0.017984790805827936	2.2230160464321045e-24
581	0.013874228656266254	1.680515248764036e-11
582	0.015681242412866482	1.09219689049154e-21
583	0.013858985136689784	1.0960683703245327e-23
584	0.021956166107751893	3.704595397021425e-71
585	0.02233035074219156	7.163486650222444e-51
586	0.022351573892286127	2.2441529594911905e-59
587	0.017737707980922703	4.936358150504536e-45
588	0.02072557546342064	5.352550904701884e-43
589	0.01842115148850268	1.6568984489782241e-46
590	0.019222317612735042	2.5194612582427e-56
591	0.0158516483492893	3.306163182567862e-54
592	0.026150092724593264	2.7426344898293558e-87
593	0.02177020674733434	1.9949587696540767e-54
594	0.014752753234261251	1.5140594230555376e-48
595	0.012607832188039333	1.2737434490555077e-43
596	0.01545226104700312	1.6381700992834277e-44
597	0.013751968892629906	2.325574308060881e-15
598	0.015612234345090563	0.0019158366379889876
599	0.014136466799270416	0.002063125473192385
600	0.02302395931138974	5.5319848034835126e-14
601	0.01879021045984695	9.708208789397205e-17
602	0.015719078055416693	7.283391362480639e-26
603	0.013491996775833284	6.017826417751048e-47
604	0.023891537845386873	3.746446640586197e-58
605	0.01598318142797301	3.021338224226867e-20
606	0.018150955667949584	2.192817585697403e-44
607	0.01464553759662117	1.3252132115478428e-88
608	0.01850114800618307	7.197426810806471e-46
609	0.01594931888637384	2.946329920760524e-38
610	0.015445799806709347	2.607314718947582e-32
611	0.016602682258115797	3.677235393647493e-41
612	0.02354776177040511	7.961322858965266e-68
613	0.01966351593506605	7.508023070978934e-38
614	0.016029469115303244	6.752099805465447e-42
615	0.012373899346480813	0.0007829645083953001
616	0.014463824209840883	0.0020068350525481063
617	0.011840848949613176	0.002359647241931147
618	0.013181147815972169	0.002144485019942147
619	0.013137132070842342	0.0010916137039788296
620	0.016994190514593274	4.069557239235821e-11
621	0.013499217245428338	1.8571360110673376e-30
622	0.02020184867599357	4.11207743257263e-45
623	0.018546845393641938	1.6091147217429453e-56
624	0.01856770686331075	2.469206796156863e-23
625	0.017365830847741917	5.422752473489862e-55
626	0.016376775181943914	2.4205850543754008e-68
627	0.015762326490188588	1.7301791909987493e-50
628	0.04434075199761486	2.9350293754474878e-67
629	0.0695950469999235	6.151422755454828e-69
630	0.02296179830045639	1.6792548919598873e-52
631	0.02636471059412614	1.8597555261487803e-59
632	0.01699806407382972	5.72442344408171e-69
633	0.0138459341935193	5.884008147375806e-57
634	0.013171421004987853	1.9613714027701948e-64
635	0.01113213249479736	1.8262777630705652e-22
636	0.02240187018440357	1.4455719126711687e-55
637	0.028420639982388436	3.93665857888625e-60
638	0.01569198713011253	4.140535564772592e-33
639	0.012965081580997486	2.9050322464318207e-45
640	0.014393237550411702	7.811266939656676e-14
641	0.011113150103711009	6.639979189267567e-19
642	0.012442527600176114	1.4513450671509363e-15
643	0.010847323479962596	2.1839396396013568e-23
644	0.01725821749036472	2.9077094412838543e-43
645	0.01637872574783346	1.6260226889889485e-42
646	0.036616795468154065	5.127902825966672e-67
647	0.03372821169026014	5.770387907682908e-66
648	0.023551723623104842	6.603147893441544e-50
649	0.02223084238773209	1.7509128549553912e-43
650	0.01517732423808783	1.626100021430221e-36
651	0.012050143059579563	1.5934451337375332e-28
652	0.01532596423847754	1.9398750850629778e-66
653	0.0162874207076243	6.0779814565475035e-37
654	0.022721432041485568	1.9370852222673054e-60
655	0.023776855527401896	3.449027585810343e-57
656	0.019014975637272773	6.433198501617087e-36
657	0.014434849877119533	1.674174285492125e-36
658	0.013450294626870106	0.0009763667564372817
659	0.010000309513675087	0.0011506261159331455
660	0.015658588630910363	3.7932815364832017e-29
661	0.013711069254257687	2.2158615409092844e-25
662	0.017880578111921702	1.2808261740752742e-30
663	0.015556976418453584	3.6498152300600316e-22
664	0.01689865923441923	6.990093481364278e-32
665	0.011942963628982641	1.9438915928770385e-35
666	0.014116665644639924	7.930578257884688e-59
667	0.011543451174534109	5.2218437392761304e-42
668	0.01691162896834053	2.2417009801143317e-52
669	0.017460129279801177	1.4954475047857713e-87
670	0.06710649516921866	9.277225669385675e-69
671	0.09317897856194612	4.362717277793679e-73
672	0.022157220303793825	3.2592647837401475e-41
673	0.022614810596535057	1.6952681831224693e-87
674	0.014576010261055618	3.1952007513596513e-48
675	0.011570917289862	8.250639766869115e-24
676	0.013285074530289655	0.0014975877032650353
677	0.011977092612026508	0.0014194487856221316
678	0.03390602903031734	5.528039276878836e-33
679	0.03632202948686077	2.251594611738202e-42
680	0.01660030274340664	2.877045824602574e-13
681	0.01378658737677686	4.776855494661617e-52
682	0.015361948694400936	1.4786987242240814e-17
683	0.0107514353243463	1.660480594168834e-23
684	0.013810452371711518	3.0910704849977505e-28
685	0.011544299573244713	7.334297192566261e-16
686	0.021249214105324814	2.3085535056713562e-58
687	0.019636016227322174	8.958991725381925e-69
688	0.018454586974882274	4.2190886703447535e-55
689	0.014713565513795098	2.2630585180603602e-24
690	0.01796945267963347	9.548489566610036e-64
691	0.015193747902001044	1.2724957241493519e-59
692	0.01684524516976704	1.4238172171448936e-68
693	0.013570177050393477	6.94114659217999e-46
694	0.023520083688945946	1.1598826014945493e-32
695	0.01766725896750304	1.021269310879225e-31
696	0.012847364550004802	2.0182074721182854e-21
697	0.010701616963775595	2.750934303191943e-38
698	0.013292721455417546	4.766744333648374e-18
699	0.010903261576807939	7.041432878115542e-32
700	0.014001088464328385	8.57422401885034e-24
701	0.012622324793769474	4.9138735083746566e-88
702	0.021294511750501264	6.0032566907448245e-46
703	0.015529540064584927	1.1642451059223641e-44
704	0.01416918701350914	1.0843638027741515e-42
705	0.011812751699813521	1.4579456968418744e-61
706	0.019749671943476127	2.1637836203937067e-57
707	0.012229784209479828	1.4024175504987803e-23
708	0.015730474780540724	9.179509528954117e-51
709	0.012539264183791343	7.13258408596766e-45
710	0.016785492374749484	1.956455737875319e-46
711	0.013575045809861791	8.329115337429039e-46
712	0.013660007293876548	9.532258318525239e-64
713	0.01462675938444189	2.048689111354722e-48
714	0.020667487562985493	1.959115472072739e-71
715	0.015663545776612376	9.943902986550264e-41
716	0.013679686555765593	4.2053813658538195e-88
717	0.010144733965407705	1.9565899514008835e-47
718	0.01299041712927307	0.0008053212826737283
719	0.009896371078900741	5.5909874575534615e-05
720	0.01173220304201092	7.774861942134657e-31
721	0.011800451735083817	0.000649030911893295
722	0.015051797095211563	4.779310885792477e-16
723	0.010801282002141893	1.40032000487742e-31
724	0.018005919793920334	2.259216322102527e-90
725	0.015520564829445556	8.886234048226304e-69
726	0.01678344810026567	2.920866353496383e-53
727	0.01459859451157118	2.0622784436282726e-66
728	0.014471746405289242	4.1933695388982745e-42
729	0.014608618792672919	2.278608198068941e-65
730	0.03707551853074843	1.3552794554006234e-69
731	0.05658444657257381	3.045313491033443e-67
732	0.02034178590002549	5.438542860216777e-53
733	0.02285410100059818	1.1626301570238397e-72
734	0.015373030637467994	8.845644684747764e-59
735	0.011451073092728057	1.7464280726380257e-37
736	0.011452270156543556	0.0010485675751615718
737	0.009577821885469802	0.0005602388463925867
738	0.019688529722466656	6.580895617882696e-16
739	0.023533795815297368	9.262887873246838e-32
740	0.013427533252623006	2.116932961667903e-40
741	0.010708102810430357	2.976653293415568e-31
742	0.01202719909746508	1.8380720870075998e-29
743	0.008630588045400926	1.9709976506908053e-08
744	0.010997796638953993	5.70866855438359e-19
745	0.008948150668070066	1.3645378630012151e-87
746	0.01507893389673707	4.482351198885636e-49
747	0.013980721555883691	1.4521500819884348e-63
748	0.032410325089605355	1.0938026512234438e-89
749	0.028998433553897442	4.346508633266372e-57
750	0.02128270094927748	5.889873132099412e-55
751	0.018931055176326945	2.4869713948975892e-89
752	0.012893546085433444	6.337776061510442e-45
753	0.009954226569805009	5.669102573084725e-57
754	0.012791585317605542	1.7508534401278886e-62
755	0.013597514716582973	8.383097361716284e-64
756	0.020746543112389774	5.44511580694117e-71
757	0.018591295596254293	5.21371722438775e-56
758	0.014039562497481155	8.098926048612436e-66
759	0.011086290295163575	1.2373153641805262e-22
760	0.010700901109489392	5.521309494146274e-32
761	0.00826397075864946	9.16823426664743e-53
762	0.013084857764133465	5.1203212723674026e-64
763	0.011218748567579439	2.4984348247506247e-60
764	0.015767374747872463	3.350406971577799e-67
765	0.012040029075549198	1.5129240522365963e-42
766	0.01191325225426739	6.359990469612766e-61
767	0.008957696737335123	3.2147697842785466e-54
768	0.010904007780141436	1.2166275456098036e-88
769	0.009326228065542772	2.8077474850410775e-55
770	0.014742364968255811	2.2894852913399063e-49
771	0.019678269514481126	2.4723337475598363e-87
772	0.059985058431832855	1.954420255100459e-73
773	0.07462015352425841	2.153086329728894e-87
774	0.018434237051656362	5.094038313133431e-88
775	0.018755954953513485	4.733838040098261e-70
776	0.011035477036257856	2.0626821166456795e-33
777	0.009505524052021149	8.423949372723913e-56
778	0.011434928509303154	3.450822845523304e-34
779	0.012379009829734892	2.9000772812209512e-43
780	0.030240465921707444	1.5034485766615945e-50
781	0.027798505843571995	4.529505854876919e-48
782	0.01301545286977738	2.838877419460917e-88
783	0.010473334687064862	1.1634239196344493e-31
784	0.011252302953575984	2.877849650744636e-61
785	0.007957887930615094	4.3585357077124484e-27
786	0.010602733712333666	6.831885840666251e-49
787	0.010143358471180445	1.2365800002601026e-87
788	0.018168278956626923	7.95752967639099e-63
789	0.015801047174932564	3.1478397228992417e-86
790	0.01340531844956535	1.3869589992325386e-88
791	0.011491436246990134	8.412159218730247e-89
792	0.013458371335122789	2.2836723763427004e-88
793	0.011874602049828877	1.6812071784536896e-61
794	0.012739137076315653	1.0822235278849817e-87
795	0.012160311487364735	4.826535315599103e-52
796	0.015796193347191744	2.4362676858333298e-36
797	0.012610060504922258	3.236482144857729e-29
798	0.00889112775261743	6.0103764908072596e-09
799	0.008244221484718588	3.780400777387099e-09
800	0.008994609031422575	1.1669132082995164e-55
801	0.008071030204236931	4.337704069857835e-88
802	0.01055418245487152	1.5116046848022286e-38
803	0.010963853230840807	3.0291953352197026e-88
804	0.014112781801965426	1.0149679738049578e-57
805	0.010994934741434965	2.1136142272151014e-88
806	0.009511140017154696	3.139418819917931e-88
807	0.008624366544231864	7.491319897874463e-89
808	0.01228564713084504	2.5053129979719197e-62
809	0.008004908181571842	2.907688807193093e-52
810	0.01073575138939834	4.743361216984603e-59
811	0.009320678903802178	1.1028051036204276e-88
812	0.01089738015444985	8.705685534994512e-88
813	0.009358650018754888	2.1589026433807286e-87
814	0.009014043063979032	1.569540474092567e-87
815	0.011111946037177769	3.2462585551130382e-40
816	0.012729729310212285	3.9086967097719924e-55
817	0.008931765506923919	1.1480770530014404e-87
818	0.007609208685444683	3.248123998277834e-87
819	0.006088188960297531	3.3411267489567165e-88
820	0.006623949564529464	3.321883001690695e-44
821	0.005644307212636045	1.5060683328748905e-87
822	0.00598448241950913	2.0905732870979477e-15
823	0.007907129913624165	3.2061421477094285e-51
824	0.007848647123581734	1.6955188293420656e-51
825	0.006852036402436004	3.2108240646829025e-89
826	0.012781549756389449	3.6387330754604436e-64
827	0.008913085364900266	6.668120821226472e-57
828	0.011410146392962315	8.128765578646966e-63
829	0.007474009880239394	9.027185789997172e-51
830	0.008143557175353422	2.103052842170765e-88
831	0.014444520466179885	1.0765652799211864e-86
832	0.04179938225129369	1.1061432038340994e-86
833	0.023166947519337722	3.1108449693949934e-88
834	0.018035280161341996	7.938523808326924e-62
835	0.008281829462034759	3.353845463217517e-89
836	0.007218480127376601	7.95645065201269e-48
837	0.0035952813518118566	1.0768304626916622e-90
838	0.00418158293718937	3.395260335525885e-86
839	0.004994038490229815	3.355520114830298e-34
840	0.017765490029721342	1.374721397705885e-86
841	0.005792318241153153	1.573969832640718e-87
842	0.005610997606464143	2.949471372666286e-88
843	0.002655833194395455	1.4809089717744978e-09
844	0.0031520192531748715	1.8659130142712854e-86
845	0.0017171776810737394	7.144340435080375e-85
846	0.0023023498981080332	2.0042343525521716e-87
847	0.00409596598839428	8.921419185569303e-86
848	0.005051173298711352	2.3201574771406674e-86
849	0.011777384700146318	9.746449589916854e-89
850	0.010247980839317397	3.5330423299448605e-89
851	0.00565566675614136	1.4659860245410068e-87
852	0.0032767692035046503	2.8434158965387084e-85
853	0.0011058747667965169	9.665411197347385e-79
854	0.0004926187718516357	2.873514874277642e-75
855	0.0004912137967277513	6.837527575534571e-83
856	0.00042087230190683393	1.1622950920134972e-88
857	0.0	0.0
858	7.474183292751198e-05	3.960799652913042e-130
859	0.00020003112941052283	8.661764680899122e-111
860	0.0	0.0
861	7.21894961664339e-05	1.8778300624919076e-115
862	0.0	0.0
863	0.0001827630881443435	2.518828017133413e-67
864	0.00017048999834476164	7.617302926994133e-105
865	0.0	0.0
866	0.00019524548848097272	5.510467247104723e-103
867	0.00012698839749049334	1.8631413526997724e-77
868	0.0	0.0
869	6.138726841340768e-05	4.766981455385742e-116
870	0.00013357676457984157	2.2909294953081825e-115
871	0.00013846197973851491	1.1887533797505419e-91
872	6.740385523688381e-05	2.1549820338202658e-94
873	6.751508426553317e-05	1.1533631913441888e-82
874	7.3564301942836e-05	2.1344427421189225e-106
875	0.0	0.0
876	0.0001665210090326874	1.8473636699170215e-96
877	0.0	0.0
878	0.00013751893596116214	1.2655986112970747e-107
879	0.0	0.0
880	6.645436483068123e-05	4.533230857185273e-103
881	0.0	0.0
882	0.0	0.0
883	0.0	0.0
884	0.0	0.0
885	7.779568762210461e-05	2.1955846558357815e-41
886	0.0	0.0
887	0.0	0.0
888	6.560112907708566e-05	2.1869026703899445e-56
889	0.0	0.0
890	0.0	0.0
891	0.0	0.0
892	6.740385523688381e-05	2.1549820338202658e-94
893	6.560112907708566e-05	2.1869026703899445e-56
894	0.0	0.0
895	0.0	0.0
896	7.474183292751198e-05	3.960799652913042e-130
897	0.0	0.0
898	0.0	0.0
899	0.0	0.0
900	0.0	0.0
901	0.0	0.0
902	7.474183292751198e-05	3.960799652913042e-130
903	7.779568762210461e-05	2.1955846558357815e-41
904	0.0	0.0
905	6.560112907708566e-05	2.1869026703899445e-56
906	6.560112907708566e-05	2.1869026703899445e-56
907	6.927724972280376e-05	0.00033896295065294753
908	7.422316071279767e-05	2.9157095717959087e-99
909	0.0	0.0
910	0.00013385822006756505	2.3277679148391353e-98
911	0.0	0.0
912	0.0	0.0
913	7.474183292751198e-05	3.960799652913042e-130
914	0.0	0.0
915	0.0	0.0
916	7.474183292751198e-05	3.960799652913042e-130
917	7.21894961664339e-05	1.8778300624919076e-115
918	0.0	0.0
919	0.0	0.0
920	0.0	0.0
921	0.0	0.0
922	0.0	0.0
